# console attached  10:03:52
# move a finger on the trackpad. Ctrl-C to stop.
10:07:51 tp raw=8,-2 out=4,0 hv=0,0
10:07:51 tp raw=5,-2 out=0,0 hv=0,0
10:07:51 tp raw=9,-3 out=4,0 hv=0,0
10:07:51 tp raw=9,-3 out=4,0 hv=0,0
10:07:51 tp raw=13,-7 out=7,-3 hv=0,0
10:07:51 tp raw=4,-3 out=0,0 hv=0,0
10:07:51 tp raw=0,-3 out=0,0 hv=0,0
10:07:51 tp raw=3,-2 out=0,0 hv=0,0
10:07:51 tp raw=0,-2 out=0,0 hv=0,0
10:07:51 tp raw=0,-3 out=0,0 hv=0,0
10:07:51 tp raw=0,-3 out=0,0 hv=0,0
10:07:51 tp raw=0,-2 out=0,0 hv=0,0
10:07:51 tp raw=0,-3 out=0,0 hv=0,0
10:07:51 tp raw=0,-3 out=0,0 hv=0,0
10:07:52 tp raw=0,-2 out=0,0 hv=0,0
10:07:52 tp raw=0,-2 out=0,0 hv=0,0
10:07:52 tp raw=0,-1 out=0,0 hv=0,0
10:07:52 tp raw=-8,-9 out=-4,-4 hv=0,0
10:07:52 tp raw=-2,-3 out=0,0 hv=0,0
10:07:52 tp raw=-7,-3 out=-3,0 hv=0,0
10:07:52 tp raw=-5,-3 out=0,0 hv=0,0
10:07:52 tp raw=-7,-9 out=-3,-4 hv=0,0
10:07:52 tp raw=-2,-1 out=0,0 hv=0,0
10:07:52 tp raw=-5,-5 out=0,0 hv=0,0
10:07:52 tp raw=0,-4 out=0,0 hv=0,0
10:07:52 tp raw=0,-1 out=0,0 hv=0,0
10:07:52 tp raw=-5,-5 out=0,0 hv=0,0
10:07:52 tp raw=0,-2 out=0,0 hv=0,0
10:07:52 tp raw=0,-5 out=0,0 hv=0,0
10:07:52 tp raw=0,-3 out=0,0 hv=0,0
10:07:52 tp raw=0,-5 out=0,0 hv=0,0
10:07:52 tp raw=0,-5 out=0,0 hv=0,0
10:07:52 tp raw=-3,-5 out=0,0 hv=0,0
10:07:52 tp raw=-6,-1 out=-3,0 hv=0,0
10:07:52 tp raw=-1,0 out=0,0 hv=0,0
10:07:52 tp raw=0,-2 out=0,0 hv=0,0
10:07:52 tp raw=-2,0 out=0,0 hv=0,0
10:07:52 tp raw=-2,0 out=0,0 hv=0,0
10:07:52 tp raw=-1,-2 out=0,0 hv=0,0
10:07:52 tp raw=0,-1 out=0,0 hv=0,0
10:07:52 tp raw=-4,0 out=0,0 hv=0,0
10:07:52 tp raw=-2,0 out=0,0 hv=0,0
10:07:52 tp raw=-1,-2 out=0,0 hv=0,0
10:07:52 tp raw=7,-2 out=3,0 hv=0,0
10:07:52 tp raw=0,-1 out=0,0 hv=0,0
10:07:52 tp raw=-7,-2 out=-3,0 hv=0,0
10:07:52 tp raw=5,-3 out=0,0 hv=0,0
10:07:52 tp raw=3,-5 out=0,0 hv=0,0
10:07:52 tp raw=-8,-7 out=-4,-3 hv=0,0
10:07:52 tp raw=-2,-3 out=0,0 hv=0,0
10:07:52 tp raw=-3,-2 out=0,0 hv=0,0
10:07:52 tp raw=0,-3 out=0,0 hv=0,0
10:07:52 tp raw=-2,-2 out=0,0 hv=0,0
10:07:52 tp raw=0,-1 out=0,0 hv=0,0
10:07:52 tp raw=-2,-2 out=0,0 hv=0,0
10:07:52 tp raw=-5,-3 out=0,0 hv=0,0
10:07:52 tp raw=0,-3 out=0,0 hv=0,0
10:07:52 tp raw=0,-4 out=0,0 hv=0,0
10:07:52 tp raw=0,-3 out=0,0 hv=0,0
10:07:52 tp raw=0,-2 out=0,0 hv=0,0
10:07:52 tp raw=0,-1 out=0,0 hv=0,0
10:07:52 tp raw=0,-2 out=0,0 hv=0,0
10:07:52 tp raw=5,-3 out=0,0 hv=0,0
10:07:52 tp raw=0,-2 out=0,0 hv=0,0
10:07:52 tp raw=0,-2 out=0,0 hv=0,0
10:07:52 tp raw=-7,0 out=-3,0 hv=0,0
10:07:52 tp raw=-3,-3 out=0,0 hv=0,0
10:07:52 tp raw=5,-6 out=0,-3 hv=0,0
10:07:52 tp raw=2,-2 out=0,0 hv=0,0
10:07:52 tp raw=0,-2 out=0,0 hv=0,0
10:07:52 tp raw=0,-6 out=0,-3 hv=0,0
10:07:52 tp raw=0,-2 out=0,0 hv=0,0
10:07:52 tp raw=0,-2 out=0,0 hv=0,0
10:07:52 tp raw=0,-1 out=0,0 hv=0,0
10:07:52 tp raw=-7,-4 out=-3,0 hv=0,0
10:07:52 tp raw=-4,-1 out=0,0 hv=0,0
10:07:52 tp raw=-1,-2 out=0,0 hv=0,0
10:07:52 tp raw=-2,-1 out=0,0 hv=0,0
10:07:52 tp raw=-2,-4 out=0,0 hv=0,0
10:07:52 tp raw=0,-1 out=0,0 hv=0,0
10:07:52 tp raw=0,-5 out=0,0 hv=0,0
10:07:52 tp raw=-1,-4 out=0,0 hv=0,0
10:07:52 tp raw=0,-3 out=0,0 hv=0,0
10:07:52 tp raw=-2,-3 out=0,0 hv=0,0
10:07:52 tp raw=-2,-7 out=0,-3 hv=0,0
10:07:52 tp raw=-3,-3 out=0,0 hv=0,0
10:07:52 tp raw=-2,-5 out=0,0 hv=0,0
10:07:52 tp raw=0,-5 out=0,0 hv=0,0
10:07:52 tp raw=-2,-5 out=0,0 hv=0,0
10:07:52 tp raw=-5,-13 out=0,-7 hv=0,0
10:07:52 tp raw=-1,-5 out=0,0 hv=0,0
10:07:52 tp raw=-4,-7 out=0,-3 hv=0,0
10:07:52 tp raw=-5,-9 out=0,-4 hv=0,0
10:07:52 tp raw=-3,-18 out=0,-14 hv=0,0
10:07:52 tp raw=-6,-15 out=-3,-10 hv=0,0
10:07:52 tp raw=-3,-10 out=0,-5 hv=0,0
10:07:52 tp raw=-2,-3 out=0,0 hv=0,0
10:07:52 tp raw=0,-4 out=0,0 hv=0,0
10:07:52 tp raw=0,-1 out=0,0 hv=0,0
10:07:52 tp raw=0,-4 out=0,0 hv=0,0
10:07:52 tp raw=-1,0 out=0,0 hv=0,0
10:07:52 tp raw=-4,0 out=0,0 hv=0,0
10:07:52 tp raw=0,-1 out=0,0 hv=0,0
10:07:52 tp raw=-2,-2 out=0,0 hv=0,0
10:07:52 tp raw=-1,0 out=0,0 hv=0,0
10:07:52 tp raw=0,-2 out=0,0 hv=0,0
10:07:52 tp raw=0,-1 out=0,0 hv=0,0
10:07:52 tp raw=-2,-2 out=0,0 hv=0,0
10:07:52 tp raw=-2,0 out=0,0 hv=0,0
10:07:52 tp raw=0,-2 out=0,0 hv=0,0
10:07:52 tp raw=0,-3 out=0,0 hv=0,0
10:07:52 tp raw=5,-3 out=0,0 hv=0,0
10:07:52 tp raw=-6,0 out=-3,0 hv=0,0
10:07:52 tp raw=-4,-2 out=0,0 hv=0,0
10:07:52 tp raw=0,-1 out=0,0 hv=0,0
10:07:52 tp raw=-2,-2 out=0,0 hv=0,0
10:07:52 tp raw=-1,-2 out=0,0 hv=0,0
10:07:52 tp raw=0,-1 out=0,0 hv=0,0
10:07:52 tp raw=-4,0 out=0,0 hv=0,0
10:07:52 tp raw=-1,-4 out=0,0 hv=0,0
10:07:52 tp raw=6,-1 out=3,0 hv=0,0
10:07:52 tp raw=-5,-2 out=0,0 hv=0,0
10:07:52 tp raw=-1,0 out=0,0 hv=0,0
10:07:52 tp raw=0,-2 out=0,0 hv=0,0
10:07:52 tp raw=0,-1 out=0,0 hv=0,0
10:07:52 tp raw=-4,-4 out=0,0 hv=0,0
10:07:52 tp raw=0,-1 out=0,0 hv=0,0
10:07:52 tp raw=-2,-2 out=0,0 hv=0,0
10:07:52 tp raw=-1,-1 out=0,0 hv=0,0
10:07:52 tp raw=-2,-2 out=0,0 hv=0,0
10:07:52 tp raw=0,-3 out=0,0 hv=0,0
10:07:52 tp raw=5,-4 out=0,0 hv=0,0
10:07:52 tp raw=0,-3 out=0,0 hv=0,0
10:07:52 tp raw=-5,-5 out=0,0 hv=0,0
10:07:52 tp raw=-9,-13 out=-4,-7 hv=0,0
10:07:52 tp raw=-3,-5 out=0,0 hv=0,0
10:07:52 tp raw=-2,-7 out=0,-3 hv=0,0
10:07:52 tp raw=-1,-4 out=0,0 hv=0,0
10:07:52 tp raw=-2,-5 out=0,0 hv=0,0
10:07:52 tp raw=0,-5 out=0,0 hv=0,0
10:07:52 tp raw=-5,-7 out=0,-3 hv=0,0
10:07:52 tp raw=-4,-7 out=0,-3 hv=0,0
10:07:52 tp raw=0,-8 out=0,-4 hv=0,0
10:07:52 tp raw=-3,-8 out=0,-4 hv=0,0
10:07:52 tp raw=-2,-10 out=0,-5 hv=0,0
10:07:52 tp raw=-3,-5 out=0,0 hv=0,0
10:07:52 tp raw=0,-1 out=0,0 hv=0,0
10:07:52 tp raw=-5,-4 out=0,0 hv=0,0
10:07:52 tp raw=-2,-3 out=0,0 hv=0,0
10:07:52 tp raw=0,-2 out=0,0 hv=0,0
10:07:52 tp raw=0,-5 out=0,0 hv=0,0
10:07:52 tp raw=0,-1 out=0,0 hv=0,0
10:07:52 tp raw=0,-2 out=0,0 hv=0,0
10:07:52 tp raw=0,-2 out=0,0 hv=0,0
10:07:52 tp raw=-5,-3 out=0,0 hv=0,0
10:07:52 tp raw=-4,0 out=0,0 hv=0,0
10:07:52 tp raw=0,-1 out=0,0 hv=0,0
10:07:52 tp raw=0,-2 out=0,0 hv=0,0
10:07:52 tp raw=0,-2 out=0,0 hv=0,0
10:07:52 tp raw=-1,-3 out=0,0 hv=0,0
10:07:52 tp raw=-2,-2 out=0,0 hv=0,0
10:07:52 tp raw=-2,0 out=0,0 hv=0,0
10:07:52 tp raw=-2,-1 out=0,0 hv=0,0
10:07:52 tp raw=0,-4 out=0,0 hv=0,0
10:07:52 tp raw=0,-3 out=0,0 hv=0,0
10:07:52 tp raw=0,-2 out=0,0 hv=0,0
10:07:52 tp raw=0,-3 out=0,0 hv=0,0
10:07:52 tp raw=0,-1 out=0,0 hv=0,0
10:07:52 tp raw=0,-2 out=0,0 hv=0,0
10:07:52 tp raw=-1,-2 out=0,0 hv=0,0
10:07:52 tp raw=0,-1 out=0,0 hv=0,0
10:07:52 tp raw=0,-2 out=0,0 hv=0,0
10:07:52 tp raw=0,-2 out=0,0 hv=0,0
10:07:52 tp raw=-4,-3 out=0,0 hv=0,0
10:07:52 tp raw=0,-2 out=0,0 hv=0,0
10:07:52 tp raw=-1,-3 out=0,0 hv=0,0
10:07:52 tp raw=0,-2 out=0,0 hv=0,0
10:07:52 tp raw=-2,-4 out=0,0 hv=0,0
10:07:52 tp raw=0,-4 out=0,0 hv=0,0
10:07:52 tp raw=-2,-1 out=0,0 hv=0,0
10:07:52 tp raw=0,-4 out=0,0 hv=0,0
10:07:52 tp raw=0,-1 out=0,0 hv=0,0
10:07:52 tp raw=0,-4 out=0,0 hv=0,0
10:07:52 tp raw=7,-1 out=3,0 hv=0,0
10:07:52 tp raw=0,-4 out=0,0 hv=0,0
10:07:52 tp raw=0,-1 out=0,0 hv=0,0
10:07:52 tp raw=-5,-2 out=0,0 hv=0,0
10:07:52 tp raw=-7,-13 out=-3,-7 hv=0,0
10:07:52 tp raw=0,-12 out=0,-6 hv=0,0
10:07:52 tp raw=0,-13 out=0,-7 hv=0,0
10:07:52 tp raw=-3,-11 out=0,-5 hv=0,0
10:07:52 tp raw=-2,-5 out=0,0 hv=0,0
10:07:52 tp raw=-2,-7 out=0,-3 hv=0,0
10:07:52 tp raw=0,-6 out=0,-3 hv=0,0
10:07:52 tp raw=0,-9 out=0,-4 hv=0,0
10:07:52 tp raw=-3,-4 out=0,0 hv=0,0
10:07:52 tp raw=-4,-4 out=0,0 hv=0,0
10:07:52 tp raw=0,-3 out=0,0 hv=0,0
10:07:52 tp raw=0,-5 out=0,0 hv=0,0
10:07:52 tp raw=-1,-3 out=0,0 hv=0,0
10:07:52 tp raw=0,-2 out=0,0 hv=0,0
10:07:52 tp raw=0,-3 out=0,0 hv=0,0
10:07:52 tp raw=0,-2 out=0,0 hv=0,0
10:07:52 tp raw=0,-5 out=0,0 hv=0,0
10:07:52 tp raw=-2,-8 out=0,-4 hv=0,0
10:07:52 tp raw=-2,-3 out=0,0 hv=0,0
10:07:52 tp raw=0,-2 out=0,0 hv=0,0
10:07:52 tp raw=0,-3 out=0,0 hv=0,0
10:07:52 tp raw=0,-4 out=0,0 hv=0,0
10:07:52 tp raw=-1,-1 out=0,0 hv=0,0
10:07:52 tp raw=-4,-2 out=0,0 hv=0,0
10:07:52 tp raw=-2,-1 out=0,0 hv=0,0
10:07:52 tp raw=-3,-4 out=0,0 hv=0,0
10:07:52 tp raw=0,-1 out=0,0 hv=0,0
10:07:53 tp raw=-2,-5 out=0,0 hv=0,0
10:07:53 tp raw=0,-7 out=0,-3 hv=0,0
10:07:53 tp raw=5,-2 out=0,0 hv=0,0
10:07:53 tp raw=-5,-1 out=0,0 hv=0,0
10:07:53 tp raw=-1,-2 out=0,0 hv=0,0
10:07:53 tp raw=0,-1 out=0,0 hv=0,0
10:07:53 tp raw=0,-2 out=0,0 hv=0,0
10:07:53 tp raw=-2,-2 out=0,0 hv=0,0
10:07:53 tp raw=-2,0 out=0,0 hv=0,0
10:07:53 tp raw=-3,-3 out=0,0 hv=0,0
10:07:53 tp raw=-2,0 out=0,0 hv=0,0
10:07:53 tp raw=-2,0 out=0,0 hv=0,0
10:07:53 tp raw=0,-2 out=0,0 hv=0,0
10:07:53 tp raw=5,-1 out=0,0 hv=0,0
10:07:53 tp raw=0,-2 out=0,0 hv=0,0
10:07:53 tp raw=-6,-2 out=-3,0 hv=0,0
10:07:53 tp raw=-2,-1 out=0,0 hv=0,0
10:07:53 tp raw=5,0 out=0,0 hv=0,0
10:07:53 tp raw=0,-4 out=0,0 hv=0,0
10:07:53 tp raw=0,-1 out=0,0 hv=0,0
10:07:53 tp raw=0,-2 out=0,0 hv=0,0
10:07:53 tp raw=-5,-2 out=0,0 hv=0,0
10:07:53 tp raw=0,-1 out=0,0 hv=0,0
10:07:53 tp raw=0,-2 out=0,0 hv=0,0
10:07:53 tp raw=0,-1 out=0,0 hv=0,0
10:07:53 tp raw=-2,-4 out=0,0 hv=0,0
10:07:53 tp raw=-2,0 out=0,0 hv=0,0
10:07:53 tp raw=0,-1 out=0,0 hv=0,0
10:07:53 tp raw=-1,-2 out=0,0 hv=0,0
10:07:53 tp raw=-2,-2 out=0,0 hv=0,0
10:07:53 tp raw=-2,-1 out=0,0 hv=0,0
10:07:53 tp raw=0,-2 out=0,0 hv=0,0
10:07:53 tp raw=0,-2 out=0,0 hv=0,0
10:07:53 tp raw=0,-3 out=0,0 hv=0,0
10:07:53 tp raw=0,-2 out=0,0 hv=0,0
10:07:53 tp raw=0,-3 out=0,0 hv=0,0
10:07:53 tp raw=0,-3 out=0,0 hv=0,0
10:07:53 tp raw=-3,-3 out=0,0 hv=0,0
10:07:53 tp raw=-2,0 out=0,0 hv=0,0
10:07:53 tp raw=-2,-2 out=0,0 hv=0,0
10:07:53 tp raw=-1,-7 out=0,-3 hv=0,0
10:07:53 tp raw=-4,-3 out=0,0 hv=0,0
10:07:53 tp raw=-1,-6 out=0,-3 hv=0,0
10:07:53 tp raw=0,-2 out=0,0 hv=0,0
10:07:53 tp raw=-2,-2 out=0,0 hv=0,0
10:07:53 tp raw=0,-1 out=0,0 hv=0,0
10:07:53 tp raw=0,-2 out=0,0 hv=0,0
10:07:53 tp raw=0,-2 out=0,0 hv=0,0
10:07:53 tp raw=-5,-3 out=0,0 hv=0,0
10:07:53 tp raw=-2,-2 out=0,0 hv=0,0
10:07:53 tp raw=0,-1 out=0,0 hv=0,0
10:07:53 tp raw=0,-2 out=0,0 hv=0,0
10:07:53 tp raw=0,-2 out=0,0 hv=0,0
10:07:53 tp raw=0,-3 out=0,0 hv=0,0
10:07:53 tp raw=0,-2 out=0,0 hv=0,0
10:07:53 tp raw=0,-1 out=0,0 hv=0,0
10:07:53 tp raw=-5,-2 out=0,0 hv=0,0
10:07:53 tp raw=-4,-1 out=0,0 hv=0,0
10:07:53 tp raw=0,-2 out=0,0 hv=0,0
10:07:53 tp raw=0,-2 out=0,0 hv=0,0
10:07:53 tp raw=0,-1 out=0,0 hv=0,0
10:07:53 tp raw=0,-2 out=0,0 hv=0,0
10:07:53 tp raw=-3,-3 out=0,0 hv=0,0
10:07:53 tp raw=0,-2 out=0,0 hv=0,0
10:07:53 tp raw=-2,-7 out=0,-3 hv=0,0
10:07:53 tp raw=-3,-1 out=0,0 hv=0,0
10:07:53 tp raw=-2,-3 out=0,0 hv=0,0
10:07:53 tp raw=0,-2 out=0,0 hv=0,0
10:07:53 tp raw=0,-2 out=0,0 hv=0,0
10:07:53 tp raw=0,-1 out=0,0 hv=0,0
10:07:53 tp raw=0,-2 out=0,0 hv=0,0
10:07:53 tp raw=0,-3 out=0,0 hv=0,0
10:07:53 tp raw=-3,-4 out=0,0 hv=0,0
10:07:53 tp raw=0,-1 out=0,0 hv=0,0
10:07:53 tp raw=0,-2 out=0,0 hv=0,0
10:07:53 tp raw=0,-2 out=0,0 hv=0,0
10:07:53 tp raw=0,-1 out=0,0 hv=0,0
10:07:53 tp raw=5,-5 out=0,0 hv=0,0
10:07:53 tp raw=0,-3 out=0,0 hv=0,0
10:07:53 tp raw=-7,-2 out=-3,0 hv=0,0
10:07:53 tp raw=-2,-3 out=0,0 hv=0,0
10:07:53 tp raw=-1,-5 out=0,0 hv=0,0
10:07:53 tp raw=-2,-2 out=0,0 hv=0,0
10:07:53 tp raw=0,-2 out=0,0 hv=0,0
10:07:53 tp raw=-2,-3 out=0,0 hv=0,0
10:07:53 tp raw=-2,-3 out=0,0 hv=0,0
10:07:53 tp raw=-1,-7 out=0,-3 hv=0,0
10:07:53 tp raw=0,-3 out=0,0 hv=0,0
10:07:53 tp raw=0,-2 out=0,0 hv=0,0
10:07:53 tp raw=-2,-10 out=0,-5 hv=0,0
10:07:53 tp raw=-3,-3 out=0,0 hv=0,0
10:07:53 tp raw=-4,-5 out=0,0 hv=0,0
10:07:53 tp raw=0,-3 out=0,0 hv=0,0
10:07:53 tp raw=0,-3 out=0,0 hv=0,0
10:07:53 tp raw=0,-4 out=0,0 hv=0,0
10:07:53 tp raw=0,-3 out=0,0 hv=0,0
10:07:53 tp raw=0,-3 out=0,0 hv=0,0
10:07:53 tp raw=-3,-5 out=0,0 hv=0,0
10:07:53 tp raw=-2,-2 out=0,0 hv=0,0
10:07:53 tp raw=-2,-3 out=0,0 hv=0,0
10:07:53 tp raw=0,-3 out=0,0 hv=0,0
10:07:53 tp raw=0,-4 out=0,0 hv=0,0
10:07:53 tp raw=0,-3 out=0,0 hv=0,0
10:07:53 tp raw=0,-2 out=0,0 hv=0,0
10:07:53 tp raw=-1,-1 out=0,0 hv=0,0
10:07:53 tp raw=-2,-5 out=0,0 hv=0,0
10:07:53 tp raw=0,-3 out=0,0 hv=0,0
10:07:53 tp raw=-2,-4 out=0,0 hv=0,0
10:07:53 tp raw=-2,-1 out=0,0 hv=0,0
10:07:53 tp raw=0,-4 out=0,0 hv=0,0
10:07:53 tp raw=0,-1 out=0,0 hv=0,0
10:07:53 tp raw=0,-4 out=0,0 hv=0,0
10:07:53 tp raw=-1,-6 out=0,-3 hv=0,0
10:07:53 tp raw=-2,-5 out=0,0 hv=0,0
10:07:53 tp raw=0,-8 out=0,-4 hv=0,0
10:07:53 tp raw=0,-7 out=0,-3 hv=0,0
10:07:53 tp raw=0,-8 out=0,-4 hv=0,0
10:07:53 tp raw=-2,-2 out=0,0 hv=0,0
10:07:53 tp raw=0,-6 out=0,-3 hv=0,0
10:07:53 tp raw=7,-5 out=3,0 hv=0,0
10:07:53 tp raw=0,-5 out=0,0 hv=0,0
10:07:53 tp raw=-5,-5 out=0,0 hv=0,0
10:07:53 tp raw=-3,-3 out=0,0 hv=0,0
10:07:53 tp raw=-4,-5 out=0,0 hv=0,0
10:07:53 tp raw=0,-4 out=0,0 hv=0,0
10:07:53 tp raw=0,-3 out=0,0 hv=0,0
10:07:53 tp raw=0,-3 out=0,0 hv=0,0
10:07:53 tp raw=-2,-5 out=0,0 hv=0,0
10:07:53 tp raw=-1,-4 out=0,0 hv=0,0
10:07:53 tp raw=-2,-3 out=0,0 hv=0,0
10:07:53 tp raw=-2,-3 out=0,0 hv=0,0
10:07:53 tp raw=0,-3 out=0,0 hv=0,0
10:07:53 tp raw=0,-10 out=0,-5 hv=0,0
10:07:53 tp raw=0,-4 out=0,0 hv=0,0
10:07:53 tp raw=0,-3 out=0,0 hv=0,0
10:07:53 tp raw=-3,-3 out=0,0 hv=0,0
10:07:53 tp raw=-2,-5 out=0,0 hv=0,0
10:07:53 tp raw=-2,-7 out=0,-3 hv=0,0
10:07:53 tp raw=0,-3 out=0,0 hv=0,0
10:07:53 tp raw=0,-5 out=0,0 hv=0,0
10:07:53 tp raw=0,-5 out=0,0 hv=0,0
10:07:53 tp raw=-1,-11 out=0,-5 hv=0,0
10:07:53 tp raw=0,-7 out=0,-3 hv=0,0
10:07:53 tp raw=5,-11 out=0,-5 hv=0,0
10:07:53 tp raw=0,-10 out=0,-5 hv=0,0
10:07:53 tp raw=0,-4 out=0,0 hv=0,0
10:07:53 tp raw=0,-1 out=0,0 hv=0,0
10:07:53 tp raw=-5,-3 out=0,0 hv=0,0
10:07:53 tp raw=-2,-4 out=0,0 hv=0,0
10:07:53 tp raw=-5,-5 out=0,0 hv=0,0
10:07:53 tp raw=-2,0 out=0,0 hv=0,0
10:07:53 tp raw=0,-1 out=0,0 hv=0,0
10:07:53 tp raw=0,-2 out=0,0 hv=0,0
10:07:53 tp raw=0,-2 out=0,0 hv=0,0
10:07:53 tp raw=-3,-3 out=0,0 hv=0,0
10:07:53 tp raw=-2,-2 out=0,0 hv=0,0
10:07:53 tp raw=-2,-1 out=0,0 hv=0,0
10:07:53 tp raw=0,-2 out=0,0 hv=0,0
10:07:53 tp raw=0,-2 out=0,0 hv=0,0
10:07:53 tp raw=-1,-3 out=0,0 hv=0,0
10:07:53 tp raw=0,-1 out=0,0 hv=0,0
10:07:53 tp raw=0,-2 out=0,0 hv=0,0
10:07:53 tp raw=0,-2 out=0,0 hv=0,0
10:07:53 tp raw=0,-3 out=0,0 hv=0,0
10:07:53 tp raw=0,-2 out=0,0 hv=0,0
10:07:53 tp raw=0,-1 out=0,0 hv=0,0
10:07:53 tp raw=-2,-2 out=0,0 hv=0,0
10:07:53 tp raw=-2,-5 out=0,0 hv=0,0
10:07:53 tp raw=-1,-3 out=0,0 hv=0,0
10:07:53 tp raw=0,-3 out=0,0 hv=0,0
10:07:53 tp raw=-4,-2 out=0,0 hv=0,0
10:07:53 tp raw=0,-2 out=0,0 hv=0,0
10:07:53 tp raw=-2,-1 out=0,0 hv=0,0
10:07:53 tp raw=-1,-2 out=0,0 hv=0,0
10:07:53 tp raw=-2,-3 out=0,0 hv=0,0
10:07:53 tp raw=5,0 out=0,0 hv=0,0
10:07:53 tp raw=2,-2 out=0,0 hv=0,0
10:07:53 tp raw=0,-2 out=0,0 hv=0,0
10:07:53 tp raw=0,-1 out=0,0 hv=0,0
10:07:53 tp raw=2,-2 out=0,0 hv=0,0
10:07:53 tp raw=0,-3 out=0,0 hv=0,0
10:07:53 tp raw=0,-2 out=0,0 hv=0,0
10:07:53 tp raw=0,-1 out=0,0 hv=0,0
10:07:53 tp raw=-6,-2 out=-3,0 hv=0,0
10:07:53 tp raw=0,-2 out=0,0 hv=0,0
10:07:53 tp raw=0,-1 out=0,0 hv=0,0
10:07:53 tp raw=0,-4 out=0,0 hv=0,0
10:07:53 tp raw=-1,-1 out=0,0 hv=0,0
10:07:53 tp raw=0,-2 out=0,0 hv=0,0
10:07:53 tp raw=-7,-5 out=-3,0 hv=0,0
10:07:53 tp raw=-2,-7 out=0,-3 hv=0,0
10:07:53 tp raw=-5,-6 out=0,-3 hv=0,0
10:07:53 tp raw=-5,-10 out=0,-5 hv=0,0
10:07:53 tp raw=0,-2 out=0,0 hv=0,0
10:07:53 tp raw=0,-3 out=0,0 hv=0,0
10:07:53 tp raw=-2,-3 out=0,0 hv=0,0
10:07:53 tp raw=0,-3 out=0,0 hv=0,0
10:07:53 tp raw=0,-7 out=0,-3 hv=0,0
10:07:53 tp raw=0,-2 out=0,0 hv=0,0
10:07:53 tp raw=-2,-3 out=0,0 hv=0,0
10:07:53 tp raw=-1,-5 out=0,0 hv=0,0
10:07:53 tp raw=0,-3 out=0,0 hv=0,0
10:07:53 tp raw=-2,-5 out=0,0 hv=0,0
10:07:53 tp raw=-3,-8 out=0,-4 hv=0,0
10:07:53 tp raw=-2,-4 out=0,0 hv=0,0
10:07:53 tp raw=0,-3 out=0,0 hv=0,0
10:07:53 tp raw=0,-5 out=0,0 hv=0,0
10:07:53 tp raw=-5,-5 out=0,0 hv=0,0
10:07:53 tp raw=-2,-1 out=0,0 hv=0,0
10:07:53 tp raw=-2,-2 out=0,0 hv=0,0
10:07:53 tp raw=0,-3 out=0,0 hv=0,0
10:07:53 tp raw=0,-4 out=0,0 hv=0,0
10:07:53 tp raw=0,-1 out=0,0 hv=0,0
10:07:53 tp raw=0,-4 out=0,0 hv=0,0
10:07:53 tp raw=0,-1 out=0,0 hv=0,0
10:07:53 tp raw=0,-2 out=0,0 hv=0,0
10:07:53 tp raw=-1,-3 out=0,0 hv=0,0
10:07:53 tp raw=-2,-3 out=0,0 hv=0,0
10:07:53 tp raw=-7,-4 out=-3,0 hv=0,0
10:07:53 tp raw=-2,-5 out=0,0 hv=0,0
10:07:53 tp raw=-1,-1 out=0,0 hv=0,0
10:07:53 tp raw=-2,-2 out=0,0 hv=0,0
10:07:53 tp raw=-2,-2 out=0,0 hv=0,0
10:07:53 tp raw=-3,-1 out=0,0 hv=0,0
10:07:53 tp raw=0,-5 out=0,0 hv=0,0
10:07:53 tp raw=0,-2 out=0,0 hv=0,0
10:07:53 tp raw=5,0 out=0,0 hv=0,0
10:07:53 tp raw=0,-2 out=0,0 hv=0,0
10:07:53 tp raw=-7,0 out=-3,0 hv=0,0
10:07:53 tp raw=5,-1 out=0,0 hv=0,0
10:07:53 tp raw=0,-3 out=0,0 hv=0,0
10:07:53 tp raw=-5,-2 out=0,0 hv=0,0
10:07:54 tp raw=-2,-2 out=0,0 hv=0,0
10:07:54 tp raw=0,-1 out=0,0 hv=0,0
10:07:54 tp raw=-1,-2 out=0,0 hv=0,0
10:07:54 tp raw=-4,0 out=0,0 hv=0,0
10:07:54 tp raw=-2,-2 out=0,0 hv=0,0
10:07:54 tp raw=0,-1 out=0,0 hv=0,0
10:07:54 tp raw=0,-4 out=0,0 hv=0,0
10:07:54 tp raw=-3,-3 out=0,0 hv=0,0
10:07:54 tp raw=0,-3 out=0,0 hv=0,0
10:07:54 tp raw=5,-2 out=0,0 hv=0,0
10:07:54 tp raw=-5,0 out=0,0 hv=0,0
10:07:54 tp raw=0,-1 out=0,0 hv=0,0
10:07:54 tp raw=0,-2 out=0,0 hv=0,0
10:07:54 tp raw=-2,-3 out=0,0 hv=0,0
10:07:54 tp raw=0,-4 out=0,0 hv=0,0
10:07:54 tp raw=-3,-3 out=0,0 hv=0,0
10:07:54 tp raw=-2,-2 out=0,0 hv=0,0
10:07:54 tp raw=0,-1 out=0,0 hv=0,0
10:07:54 tp raw=5,0 out=0,0 hv=0,0
10:07:54 tp raw=0,-2 out=0,0 hv=0,0
10:07:54 tp raw=0,-2 out=0,0 hv=0,0
10:07:54 tp raw=-5,-6 out=0,-3 hv=0,0
10:07:54 tp raw=-2,-2 out=0,0 hv=0,0
10:07:54 tp raw=0,-1 out=0,0 hv=0,0
10:07:54 tp raw=0,-2 out=0,0 hv=0,0
10:07:54 tp raw=-1,0 out=0,0 hv=0,0
10:07:54 tp raw=0,-2 out=0,0 hv=0,0
10:07:54 tp raw=0,-3 out=0,0 hv=0,0
10:07:54 tp raw=-2,-3 out=0,0 hv=0,0
10:07:54 tp raw=0,-4 out=0,0 hv=0,0
10:07:54 tp raw=-3,-3 out=0,0 hv=0,0
10:07:54 tp raw=-6,-2 out=-3,0 hv=0,0
10:07:54 tp raw=-3,-4 out=0,0 hv=0,0
10:07:54 tp raw=5,-2 out=0,0 hv=0,0
10:07:54 tp raw=0,-2 out=0,0 hv=0,0
10:07:54 tp raw=-5,-1 out=0,0 hv=0,0
10:07:54 tp raw=0,-2 out=0,0 hv=0,0
10:07:54 tp raw=-2,-2 out=0,0 hv=0,0
10:07:54 tp raw=-1,-3 out=0,0 hv=0,0
10:07:54 tp raw=-2,-3 out=0,0 hv=0,0
10:07:54 tp raw=0,-5 out=0,0 hv=0,0
10:07:54 tp raw=0,-2 out=0,0 hv=0,0
10:07:54 tp raw=0,-3 out=0,0 hv=0,0
10:07:54 tp raw=0,-5 out=0,0 hv=0,0
10:07:54 tp raw=0,-3 out=0,0 hv=0,0
10:07:54 tp raw=-7,-7 out=-3,-3 hv=0,0
10:07:54 tp raw=-2,-3 out=0,0 hv=0,0
10:07:54 tp raw=0,-2 out=0,0 hv=0,0
10:07:54 tp raw=0,-3 out=0,0 hv=0,0
10:07:54 tp raw=-1,-3 out=0,0 hv=0,0
10:07:54 tp raw=-2,-7 out=0,-3 hv=0,0
10:07:54 tp raw=0,-3 out=0,0 hv=0,0
10:07:54 tp raw=0,-4 out=0,0 hv=0,0
10:07:54 tp raw=0,-3 out=0,0 hv=0,0
10:07:54 tp raw=-2,-3 out=0,0 hv=0,0
10:07:54 tp raw=-3,-7 out=0,-3 hv=0,0
10:07:54 tp raw=0,-6 out=0,-3 hv=0,0
10:07:54 tp raw=0,-5 out=0,0 hv=0,0
10:07:54 tp raw=-2,-7 out=0,-3 hv=0,0
10:07:54 tp raw=0,-10 out=0,-5 hv=0,0
10:07:54 tp raw=0,-5 out=0,0 hv=0,0
10:07:54 tp raw=0,-1 out=0,0 hv=0,0
10:07:54 tp raw=0,-2 out=0,0 hv=0,0
10:07:54 tp raw=-2,-2 out=0,0 hv=0,0
10:07:54 tp raw=0,-1 out=0,0 hv=0,0
10:07:54 tp raw=0,-4 out=0,0 hv=0,0
10:07:54 tp raw=0,-1 out=0,0 hv=0,0
10:07:54 tp raw=0,-3 out=0,0 hv=0,0
10:07:54 tp raw=0,-2 out=0,0 hv=0,0
10:07:54 tp raw=-1,-2 out=0,0 hv=0,0
10:07:54 tp raw=0,-1 out=0,0 hv=0,0
10:07:54 tp raw=0,-4 out=0,0 hv=0,0
10:07:54 tp raw=0,-1 out=0,0 hv=0,0
10:07:54 tp raw=0,-2 out=0,0 hv=0,0
10:07:54 tp raw=0,-2 out=0,0 hv=0,0
10:07:54 tp raw=-2,-1 out=0,0 hv=0,0
10:07:54 tp raw=0,-2 out=0,0 hv=0,0
10:07:54 tp raw=-2,-2 out=0,0 hv=0,0
10:07:54 tp raw=0,-3 out=0,0 hv=0,0
10:07:54 tp raw=0,-1 out=0,0 hv=0,0
10:07:54 tp raw=0,-4 out=0,0 hv=0,0
10:07:54 tp raw=0,-1 out=0,0 hv=0,0
10:07:54 tp raw=0,-2 out=0,0 hv=0,0
10:07:54 tp raw=-3,-5 out=0,0 hv=0,0
10:07:54 tp raw=-4,-3 out=0,0 hv=0,0
10:07:54 tp raw=7,-10 out=3,-5 hv=0,0
10:07:54 tp raw=0,-5 out=0,0 hv=0,0
10:07:54 tp raw=0,-3 out=0,0 hv=0,0
10:07:54 tp raw=0,-4 out=0,0 hv=0,0
10:07:54 tp raw=-5,-3 out=0,0 hv=0,0
10:07:54 tp raw=0,-3 out=0,0 hv=0,0
10:07:54 tp raw=-2,-5 out=0,0 hv=0,0
10:07:54 tp raw=-3,-2 out=0,0 hv=0,0
10:07:54 tp raw=-2,-3 out=0,0 hv=0,0
10:07:54 tp raw=0,-3 out=0,0 hv=0,0
10:07:54 tp raw=9,-9 out=4,-4 hv=0,0
10:07:54 tp raw=0,-3 out=0,0 hv=0,0
10:07:54 tp raw=0,-5 out=0,0 hv=0,0
10:07:54 tp raw=0,-3 out=0,0 hv=0,0
10:07:54 tp raw=1,-7 out=0,-3 hv=0,0
10:07:54 tp raw=0,-5 out=0,0 hv=0,0
10:07:54 tp raw=0,-3 out=0,0 hv=0,0
10:07:54 tp raw=0,-5 out=0,0 hv=0,0
10:07:54 tp raw=0,-3 out=0,0 hv=0,0
10:07:54 tp raw=0,-7 out=0,-3 hv=0,0
10:07:54 tp raw=0,-3 out=0,0 hv=0,0
10:07:54 tp raw=0,-3 out=0,0 hv=0,0
10:07:54 tp raw=0,-2 out=0,0 hv=0,0
10:07:54 tp raw=0,-2 out=0,0 hv=0,0
10:07:54 tp raw=9,-6 out=4,-3 hv=0,0
10:07:54 tp raw=0,-5 out=0,0 hv=0,0
10:07:54 tp raw=0,-5 out=0,0 hv=0,0
10:07:54 tp raw=-5,-8 out=0,-4 hv=0,0
10:07:54 tp raw=-2,-2 out=0,0 hv=0,0
10:07:54 tp raw=0,-2 out=0,0 hv=0,0
10:07:54 tp raw=-2,-1 out=0,0 hv=0,0
10:07:54 tp raw=0,-4 out=0,0 hv=0,0
10:07:54 tp raw=0,-3 out=0,0 hv=0,0
10:07:54 tp raw=7,-5 out=3,0 hv=0,0
10:07:54 tp raw=2,-1 out=0,0 hv=0,0
10:07:54 tp raw=2,-4 out=0,0 hv=0,0
10:07:54 tp raw=0,-5 out=0,0 hv=0,0
10:07:54 tp raw=0,-3 out=0,0 hv=0,0
10:07:54 tp raw=1,-5 out=0,0 hv=0,0
10:07:54 tp raw=0,-1 out=0,0 hv=0,0
10:07:54 tp raw=0,-2 out=0,0 hv=0,0
10:07:54 tp raw=0,-3 out=0,0 hv=0,0
10:07:54 tp raw=0,-2 out=0,0 hv=0,0
10:07:54 tp raw=0,-2 out=0,0 hv=0,0
10:07:54 tp raw=0,-5 out=0,0 hv=0,0
10:07:54 tp raw=2,-3 out=0,0 hv=0,0
10:07:54 tp raw=0,-3 out=0,0 hv=0,0
10:07:54 tp raw=0,-4 out=0,0 hv=0,0
10:07:54 tp raw=2,-3 out=0,0 hv=0,0
10:07:54 tp raw=0,-1 out=0,0 hv=0,0
10:07:54 tp raw=2,-4 out=0,0 hv=0,0
10:07:54 tp raw=-6,-1 out=-3,0 hv=0,0
10:07:54 tp raw=0,-4 out=0,0 hv=0,0
10:07:54 tp raw=-3,-6 out=0,-3 hv=0,0
10:07:54 tp raw=0,-4 out=0,0 hv=0,0
10:07:54 tp raw=0,-3 out=0,0 hv=0,0
10:07:54 tp raw=0,-5 out=0,0 hv=0,0
10:07:54 tp raw=0,-1 out=0,0 hv=0,0
10:07:54 tp raw=-2,0 out=0,0 hv=0,0
10:07:54 tp raw=-3,0 out=0,0 hv=0,0
10:07:54 tp raw=-2,-2 out=0,0 hv=0,0
10:07:54 tp raw=0,-3 out=0,0 hv=0,0
10:07:54 tp raw=0,-2 out=0,0 hv=0,0
10:07:54 tp raw=0,-2 out=0,0 hv=0,0
10:07:54 tp raw=0,-1 out=0,0 hv=0,0
10:07:54 tp raw=-2,-2 out=0,0 hv=0,0
10:07:54 tp raw=-1,-2 out=0,0 hv=0,0
10:07:54 tp raw=-2,-1 out=0,0 hv=0,0
10:07:54 tp raw=0,-2 out=0,0 hv=0,0
10:07:54 tp raw=-5,-3 out=0,0 hv=0,0
10:07:54 tp raw=-5,-2 out=0,0 hv=0,0
10:07:54 tp raw=0,-1 out=0,0 hv=0,0
10:07:54 tp raw=0,-2 out=0,0 hv=0,0
10:07:54 tp raw=-5,-3 out=0,0 hv=0,0
10:07:54 tp raw=-2,-4 out=0,0 hv=0,0
10:07:54 tp raw=-5,-3 out=0,0 hv=0,0
10:07:54 tp raw=-2,-3 out=0,0 hv=0,0
10:07:54 tp raw=-3,-5 out=0,0 hv=0,0
10:07:54 tp raw=-7,-5 out=-3,0 hv=0,0
10:07:54 tp raw=-4,-10 out=0,-5 hv=0,0
10:07:54 tp raw=-3,-7 out=0,-3 hv=0,0
10:07:54 tp raw=-2,-1 out=0,0 hv=0,0
10:07:54 tp raw=0,-3 out=0,0 hv=0,0
10:07:54 tp raw=0,-2 out=0,0 hv=0,0
10:07:54 tp raw=0,-5 out=0,0 hv=0,0
10:07:54 tp raw=0,-5 out=0,0 hv=0,0
10:07:54 tp raw=5,-2 out=0,0 hv=0,0
10:07:54 tp raw=0,-3 out=0,0 hv=0,0
10:07:54 tp raw=-5,-3 out=0,0 hv=0,0
10:07:54 tp raw=-1,-5 out=0,0 hv=0,0
10:07:54 tp raw=-2,-3 out=0,0 hv=0,0
10:07:54 tp raw=-4,-9 out=0,-4 hv=0,0
10:07:54 tp raw=-1,-3 out=0,0 hv=0,0
10:07:54 tp raw=0,-2 out=0,0 hv=0,0
10:07:54 tp raw=0,-5 out=0,0 hv=0,0
10:07:54 tp raw=0,-3 out=0,0 hv=0,0
10:07:54 tp raw=0,-8 out=0,-4 hv=0,0
10:07:54 tp raw=0,-5 out=0,0 hv=0,0
10:07:54 tp raw=0,-3 out=0,0 hv=0,0
10:07:54 tp raw=0,-2 out=0,0 hv=0,0
10:07:54 tp raw=0,-6 out=0,-3 hv=0,0
10:07:54 tp raw=0,-4 out=0,0 hv=0,0
10:07:54 tp raw=0,-3 out=0,0 hv=0,0
10:07:54 tp raw=0,-3 out=0,0 hv=0,0
10:07:54 tp raw=0,-5 out=0,0 hv=0,0
10:07:54 tp raw=8,-2 out=4,0 hv=0,0
10:07:54 tp raw=0,-5 out=0,0 hv=0,0
10:07:54 tp raw=0,-5 out=0,0 hv=0,0
10:07:54 tp raw=-5,0 out=0,0 hv=0,0
10:07:54 tp raw=-3,-1 out=0,0 hv=0,0
10:07:54 tp raw=-2,-2 out=0,0 hv=0,0
10:07:54 tp raw=0,-3 out=0,0 hv=0,0
10:07:54 tp raw=0,-2 out=0,0 hv=0,0
10:07:54 tp raw=-2,-2 out=0,0 hv=0,0
10:07:54 tp raw=0,-1 out=0,0 hv=0,0
10:07:54 tp raw=0,-4 out=0,0 hv=0,0
10:07:54 tp raw=-1,-1 out=0,0 hv=0,0
10:07:54 tp raw=0,-2 out=0,0 hv=0,0
10:07:54 tp raw=0,-2 out=0,0 hv=0,0
10:07:54 tp raw=0,-3 out=0,0 hv=0,0
10:07:54 tp raw=0,-5 out=0,0 hv=0,0
10:07:54 tp raw=5,0 out=0,0 hv=0,0
10:07:54 tp raw=0,-1 out=0,0 hv=0,0
10:07:54 tp raw=0,-2 out=0,0 hv=0,0
10:07:54 tp raw=0,-3 out=0,0 hv=0,0
10:07:54 tp raw=0,-5 out=0,0 hv=0,0
10:07:54 tp raw=0,-4 out=0,0 hv=0,0
10:07:54 tp raw=0,-3 out=0,0 hv=0,0
10:07:54 tp raw=0,-1 out=0,0 hv=0,0
10:07:54 tp raw=-7,0 out=-3,0 hv=0,0
10:07:54 tp raw=-9,-7 out=-4,-3 hv=0,0
10:07:54 tp raw=-1,-2 out=0,0 hv=0,0
10:07:54 tp raw=0,-1 out=0,0 hv=0,0
10:07:54 tp raw=-2,-7 out=0,-3 hv=0,0
10:07:54 tp raw=-9,-5 out=-4,0 hv=0,0
10:07:54 tp raw=-3,-3 out=0,0 hv=0,0
10:07:54 tp raw=-2,-3 out=0,0 hv=0,0
10:07:54 tp raw=0,-2 out=0,0 hv=0,0
10:07:54 tp raw=0,-3 out=0,0 hv=0,0
10:07:54 tp raw=0,-2 out=0,0 hv=0,0
10:07:54 tp raw=0,-3 out=0,0 hv=0,0
10:07:54 tp raw=-2,-5 out=0,0 hv=0,0
10:07:54 tp raw=-1,-4 out=0,0 hv=0,0
10:07:54 tp raw=0,-3 out=0,0 hv=0,0
10:07:54 tp raw=-2,-1 out=0,0 hv=0,0
10:07:54 tp raw=0,-7 out=0,-3 hv=0,0
10:07:54 tp raw=-2,-5 out=0,0 hv=0,0
10:07:54 tp raw=-1,-3 out=0,0 hv=0,0
10:07:54 tp raw=0,-4 out=0,0 hv=0,0
10:07:54 tp raw=-2,-3 out=0,0 hv=0,0
10:07:54 tp raw=-2,-6 out=0,-3 hv=0,0
10:07:54 tp raw=0,-4 out=0,0 hv=0,0
10:07:54 tp raw=-2,-5 out=0,0 hv=0,0
10:07:54 tp raw=-3,-5 out=0,0 hv=0,0
10:07:54 tp raw=-3,-8 out=0,-4 hv=0,0
10:07:54 tp raw=0,-3 out=0,0 hv=0,0
10:07:54 tp raw=-2,-8 out=0,-4 hv=0,0
10:07:54 tp raw=0,-7 out=0,-3 hv=0,0
10:07:54 tp raw=-5,-5 out=0,0 hv=0,0
10:07:54 tp raw=-2,-8 out=0,-4 hv=0,0
10:07:54 tp raw=0,-7 out=0,-3 hv=0,0
10:07:54 tp raw=-2,-1 out=0,0 hv=0,0
10:07:54 tp raw=-3,-4 out=0,0 hv=0,0
10:07:55 tp raw=-4,-5 out=0,0 hv=0,0
10:07:55 tp raw=-1,-3 out=0,0 hv=0,0
10:07:55 tp raw=0,-5 out=0,0 hv=0,0
10:07:55 tp raw=0,-5 out=0,0 hv=0,0
10:07:55 tp raw=0,-3 out=0,0 hv=0,0
10:07:55 tp raw=0,-7 out=0,-3 hv=0,0
10:07:55 tp raw=0,-1 out=0,0 hv=0,0
10:07:55 tp raw=-2,-7 out=0,-3 hv=0,0
10:07:55 tp raw=-2,-5 out=0,0 hv=0,0
10:07:55 tp raw=-3,-5 out=0,0 hv=0,0
10:07:55 tp raw=0,-10 out=0,-5 hv=0,0
10:07:55 tp raw=0,-3 out=0,0 hv=0,0
10:07:55 tp raw=0,-3 out=0,0 hv=0,0
10:07:55 tp raw=0,-5 out=0,0 hv=0,0
10:07:55 tp raw=0,-12 out=0,-6 hv=0,0
10:07:55 tp raw=0,-6 out=0,-3 hv=0,0
10:07:55 tp raw=0,-5 out=0,0 hv=0,0
10:07:55 tp raw=0,-3 out=0,0 hv=0,0
10:07:55 tp raw=0,-4 out=0,0 hv=0,0
10:07:55 tp raw=0,-9 out=0,-4 hv=0,0
10:07:55 tp raw=-4,-4 out=0,0 hv=0,0
10:07:55 tp raw=-1,-5 out=0,0 hv=0,0
10:07:55 tp raw=-7,-8 out=-3,-4 hv=0,0
10:07:55 tp raw=0,-11 out=0,-5 hv=0,0
10:07:55 tp raw=-2,-4 out=0,0 hv=0,0
10:07:55 tp raw=-2,-8 out=0,-4 hv=0,0
10:07:55 tp raw=0,-3 out=0,0 hv=0,0
10:07:55 tp raw=0,-4 out=0,0 hv=0,0
10:07:55 tp raw=0,-1 out=0,0 hv=0,0
10:07:55 tp raw=0,-3 out=0,0 hv=0,0
10:07:55 tp raw=-1,-5 out=0,0 hv=0,0
10:07:55 tp raw=-2,-5 out=0,0 hv=0,0
10:07:55 tp raw=0,-4 out=0,0 hv=0,0
10:07:55 tp raw=0,-5 out=0,0 hv=0,0
10:07:55 tp raw=0,-5 out=0,0 hv=0,0
10:07:55 tp raw=0,-3 out=0,0 hv=0,0
10:07:55 tp raw=-2,-5 out=0,0 hv=0,0
10:07:55 tp raw=0,-3 out=0,0 hv=0,0
10:07:55 tp raw=0,-5 out=0,0 hv=0,0
10:07:55 tp raw=0,-3 out=0,0 hv=0,0
10:07:55 tp raw=5,-2 out=0,0 hv=0,0
10:07:55 tp raw=-5,-3 out=0,0 hv=0,0
10:07:55 tp raw=0,-3 out=0,0 hv=0,0
10:07:55 tp raw=0,-2 out=0,0 hv=0,0
10:07:55 tp raw=0,-2 out=0,0 hv=0,0
10:07:55 tp raw=0,-1 out=0,0 hv=0,0
10:07:55 tp raw=-3,-7 out=0,-3 hv=0,0
10:07:55 tp raw=0,-2 out=0,0 hv=0,0
10:07:55 tp raw=-2,-3 out=0,0 hv=0,0
10:07:55 tp raw=-7,-6 out=-3,-3 hv=0,0
10:07:55 tp raw=0,-9 out=0,-4 hv=0,0
10:07:55 tp raw=0,-3 out=0,0 hv=0,0
10:07:55 tp raw=0,-3 out=0,0 hv=0,0
10:07:55 tp raw=0,-4 out=0,0 hv=0,0
10:07:55 tp raw=0,-3 out=0,0 hv=0,0
10:07:55 tp raw=0,-5 out=0,0 hv=0,0
10:07:55 tp raw=0,-3 out=0,0 hv=0,0
10:07:55 tp raw=-1,-8 out=0,-4 hv=0,0
10:07:55 tp raw=0,-4 out=0,0 hv=0,0
10:07:55 tp raw=0,-5 out=0,0 hv=0,0
10:07:55 tp raw=-2,-4 out=0,0 hv=0,0
10:07:55 tp raw=0,-4 out=0,0 hv=0,0
10:07:55 tp raw=-2,-5 out=0,0 hv=0,0
10:07:55 tp raw=-2,-8 out=0,-4 hv=0,0
10:07:55 tp raw=-1,-5 out=0,0 hv=0,0
10:07:55 tp raw=-4,-3 out=0,0 hv=0,0
10:07:55 tp raw=0,-3 out=0,0 hv=0,0
10:07:55 tp raw=0,-5 out=0,0 hv=0,0
10:07:55 tp raw=0,-7 out=0,-3 hv=0,0
10:07:55 tp raw=-1,-3 out=0,0 hv=0,0
10:07:55 tp raw=0,-4 out=0,0 hv=0,0
10:07:55 tp raw=0,-1 out=0,0 hv=0,0
10:07:55 tp raw=-2,-3 out=0,0 hv=0,0
10:07:55 tp raw=-5,-12 out=0,-6 hv=0,0
10:07:55 tp raw=0,-3 out=0,0 hv=0,0
10:07:55 tp raw=-2,-5 out=0,0 hv=0,0
10:07:55 tp raw=-5,-10 out=0,-5 hv=0,0
10:07:55 tp raw=-5,-7 out=0,-3 hv=0,0
10:07:55 tp raw=0,-3 out=0,0 hv=0,0
10:07:55 tp raw=-2,-2 out=0,0 hv=0,0
10:07:55 tp raw=-2,-6 out=0,-3 hv=0,0
10:07:55 tp raw=0,-3 out=0,0 hv=0,0
10:07:55 tp raw=0,-5 out=0,0 hv=0,0
10:07:55 tp raw=0,-4 out=0,0 hv=0,0
10:07:55 tp raw=-3,-8 out=0,-4 hv=0,0
10:07:55 tp raw=-2,-3 out=0,0 hv=0,0
10:07:55 tp raw=0,-3 out=0,0 hv=0,0
10:07:55 tp raw=-5,-5 out=0,0 hv=0,0
10:07:55 tp raw=-2,-5 out=0,0 hv=0,0
10:07:55 tp raw=-1,-5 out=0,0 hv=0,0
10:07:55 tp raw=0,-4 out=0,0 hv=0,0
10:07:55 tp raw=-4,-8 out=0,-4 hv=0,0
10:07:55 tp raw=-1,-6 out=0,-3 hv=0,0
10:07:55 tp raw=0,-7 out=0,-3 hv=0,0
10:07:55 tp raw=0,-11 out=0,-5 hv=0,0
10:07:55 tp raw=0,-5 out=0,0 hv=0,0
10:07:55 tp raw=0,-9 out=0,-4 hv=0,0
10:07:55 tp raw=0,-8 out=0,-4 hv=0,0
10:07:55 tp raw=-2,-15 out=0,-10 hv=0,0
10:07:55 tp raw=-2,-8 out=0,-4 hv=0,0
10:07:55 tp raw=-3,-20 out=0,-17 hv=0,0
10:07:55 tp raw=5,-18 out=0,-14 hv=0,0
10:07:55 tp raw=5,-34 out=0,-36 hv=0,0
10:07:55 tp raw=2,-20 out=0,-17 hv=0,0
10:07:55 tp raw=1,-16 out=0,-11 hv=0,0
10:07:55 tp raw=4,-10 out=0,-5 hv=0,0
10:07:55 tp raw=2,-9 out=0,-4 hv=0,0
10:07:55 tp raw=1,-11 out=0,-5 hv=0,0
10:07:55 tp raw=16,-25 out=11,-24 hv=0,0
10:07:55 tp raw=5,-13 out=0,-7 hv=0,0
10:07:55 tp raw=5,-10 out=0,-5 hv=0,0
10:07:55 tp raw=5,-11 out=0,-5 hv=0,0
10:07:55 tp raw=3,-12 out=0,-6 hv=0,0
10:07:55 tp raw=6,-21 out=3,-18 hv=0,0
10:07:55 tp raw=5,-10 out=0,-5 hv=0,0
10:07:55 tp raw=3,-12 out=0,-6 hv=0,0
10:07:55 tp raw=2,-8 out=0,-4 hv=0,0
10:07:55 tp raw=2,-18 out=0,-14 hv=0,0
10:07:55 tp raw=0,-5 out=0,0 hv=0,0
10:07:55 tp raw=0,-5 out=0,0 hv=0,0
10:07:55 tp raw=0,-3 out=0,0 hv=0,0
10:07:55 tp raw=1,-2 out=0,0 hv=0,0
10:07:55 tp raw=2,-6 out=0,-3 hv=0,0
10:07:57 tp raw=-2,2 out=0,0 hv=0,0
10:07:57 tp raw=-1,3 out=0,0 hv=0,0
10:07:57 tp raw=-2,11 out=0,5 hv=0,0
10:07:57 tp raw=-5,19 out=0,15 hv=0,0
10:07:57 tp raw=-5,18 out=0,14 hv=0,0
10:07:57 tp raw=-2,16 out=0,11 hv=0,0
10:07:57 tp raw=-2,7 out=0,3 hv=0,0
10:07:57 tp raw=-2,3 out=0,0 hv=0,0
10:07:57 tp raw=-1,5 out=0,0 hv=0,0
10:07:57 tp raw=-4,10 out=0,5 hv=0,0
10:07:57 tp raw=-1,5 out=0,0 hv=0,0
10:07:57 tp raw=-2,3 out=0,0 hv=0,0
10:07:57 tp raw=0,5 out=0,0 hv=0,0
10:07:57 tp raw=-2,8 out=0,4 hv=0,0
10:07:57 tp raw=-2,2 out=0,0 hv=0,0
10:07:57 tp raw=-1,3 out=0,0 hv=0,0
10:07:57 tp raw=0,2 out=0,0 hv=0,0
10:07:57 tp raw=0,1 out=0,0 hv=0,0
10:07:57 tp raw=0,7 out=0,3 hv=0,0
10:07:57 tp raw=0,2 out=0,0 hv=0,0
10:07:57 tp raw=0,1 out=0,0 hv=0,0
10:07:57 tp raw=-2,2 out=0,0 hv=0,0
10:07:57 tp raw=0,3 out=0,0 hv=0,0
10:07:57 tp raw=0,3 out=0,0 hv=0,0
10:07:57 tp raw=0,2 out=0,0 hv=0,0
10:07:57 tp raw=0,2 out=0,0 hv=0,0
10:07:57 tp raw=0,1 out=0,0 hv=0,0
10:07:57 tp raw=0,4 out=0,0 hv=0,0
10:07:57 tp raw=5,0 out=0,0 hv=0,0
10:07:57 tp raw=4,6 out=0,3 hv=0,0
10:07:57 tp raw=0,5 out=0,0 hv=0,0
10:07:57 tp raw=0,3 out=0,0 hv=0,0
10:07:57 tp raw=0,2 out=0,0 hv=0,0
10:07:57 tp raw=0,3 out=0,0 hv=0,0
10:07:57 tp raw=1,2 out=0,0 hv=0,0
10:07:57 tp raw=4,5 out=0,0 hv=0,0
10:07:57 tp raw=0,2 out=0,0 hv=0,0
10:07:57 tp raw=0,3 out=0,0 hv=0,0
10:07:57 tp raw=0,7 out=0,3 hv=0,0
10:07:57 tp raw=0,4 out=0,0 hv=0,0
10:07:57 tp raw=0,9 out=0,4 hv=0,0
10:07:57 tp raw=0,3 out=0,0 hv=0,0
10:07:57 tp raw=0,3 out=0,0 hv=0,0
10:07:57 tp raw=-5,5 out=0,0 hv=0,0
10:07:57 tp raw=-4,5 out=0,0 hv=0,0
10:07:57 tp raw=-2,3 out=0,0 hv=0,0
10:07:57 tp raw=-1,5 out=0,0 hv=0,0
10:07:57 tp raw=0,2 out=0,0 hv=0,0
10:07:57 tp raw=0,2 out=0,0 hv=0,0
10:07:57 tp raw=0,1 out=0,0 hv=0,0
10:07:57 tp raw=-2,4 out=0,0 hv=0,0
10:07:57 tp raw=0,3 out=0,0 hv=0,0
10:07:57 tp raw=0,5 out=0,0 hv=0,0
10:07:57 tp raw=0,3 out=0,0 hv=0,0
10:07:57 tp raw=0,2 out=0,0 hv=0,0
10:07:57 tp raw=-2,5 out=0,0 hv=0,0
10:07:57 tp raw=-3,3 out=0,0 hv=0,0
10:07:57 tp raw=5,3 out=0,0 hv=0,0
10:07:57 tp raw=0,2 out=0,0 hv=0,0
10:07:57 tp raw=0,2 out=0,0 hv=0,0
10:07:57 tp raw=0,3 out=0,0 hv=0,0
10:07:57 tp raw=0,3 out=0,0 hv=0,0
10:07:57 tp raw=2,0 out=0,0 hv=0,0
10:07:57 tp raw=3,3 out=0,0 hv=0,0
10:07:57 tp raw=4,2 out=0,0 hv=0,0
10:07:57 tp raw=1,5 out=0,0 hv=0,0
10:07:57 tp raw=0,7 out=0,3 hv=0,0
10:07:57 tp raw=0,1 out=0,0 hv=0,0
10:07:57 tp raw=0,2 out=0,0 hv=0,0
10:07:57 tp raw=0,1 out=0,0 hv=0,0
10:07:57 tp raw=0,2 out=0,0 hv=0,0
10:07:57 tp raw=0,5 out=0,0 hv=0,0
10:07:57 tp raw=0,3 out=0,0 hv=0,0
10:07:57 tp raw=0,2 out=0,0 hv=0,0
10:07:57 tp raw=0,3 out=0,0 hv=0,0
10:07:57 tp raw=0,4 out=0,0 hv=0,0
10:07:57 tp raw=0,5 out=0,0 hv=0,0
10:07:57 tp raw=2,1 out=0,0 hv=0,0
10:07:57 tp raw=2,0 out=0,0 hv=0,0
10:07:57 tp raw=0,5 out=0,0 hv=0,0
10:07:57 tp raw=0,12 out=0,6 hv=0,0
10:07:57 tp raw=0,9 out=0,4 hv=0,0
10:07:57 tp raw=-5,7 out=0,3 hv=0,0
10:07:57 tp raw=0,2 out=0,0 hv=0,0
10:07:57 tp raw=-2,3 out=0,0 hv=0,0
10:07:57 tp raw=-2,3 out=0,0 hv=0,0
10:07:57 tp raw=0,4 out=0,0 hv=0,0
10:07:57 tp raw=-3,3 out=0,0 hv=0,0
10:07:57 tp raw=0,3 out=0,0 hv=0,0
10:07:57 tp raw=0,5 out=0,0 hv=0,0
10:07:57 tp raw=5,3 out=0,0 hv=0,0
10:07:57 tp raw=0,4 out=0,0 hv=0,0
10:07:57 tp raw=0,3 out=0,0 hv=0,0
10:07:57 tp raw=0,3 out=0,0 hv=0,0
10:07:57 tp raw=0,4 out=0,0 hv=0,0
10:07:57 tp raw=3,3 out=0,0 hv=0,0
10:07:57 tp raw=2,1 out=0,0 hv=0,0
10:07:57 tp raw=-5,2 out=0,0 hv=0,0
10:07:57 tp raw=0,3 out=0,0 hv=0,0
10:07:57 tp raw=-4,0 out=0,0 hv=0,0
10:07:57 tp raw=0,2 out=0,0 hv=0,0
10:07:57 tp raw=-1,2 out=0,0 hv=0,0
10:07:57 tp raw=0,3 out=0,0 hv=0,0
10:07:57 tp raw=0,3 out=0,0 hv=0,0
10:07:57 tp raw=5,4 out=0,0 hv=0,0
10:07:57 tp raw=3,6 out=0,3 hv=0,0
10:07:57 tp raw=-8,7 out=-4,3 hv=0,0
10:07:57 tp raw=-2,8 out=0,4 hv=0,0
10:07:57 tp raw=-2,10 out=0,5 hv=0,0
10:07:57 tp raw=0,3 out=0,0 hv=0,0
10:07:57 tp raw=0,2 out=0,0 hv=0,0
10:07:58 tp raw=0,3 out=0,0 hv=0,0
10:07:58 tp raw=-3,5 out=0,0 hv=0,0
10:07:58 tp raw=-5,10 out=0,5 hv=0,0
10:07:58 tp raw=0,5 out=0,0 hv=0,0
10:07:58 tp raw=-2,5 out=0,0 hv=0,0
10:07:58 tp raw=0,3 out=0,0 hv=0,0
10:07:58 tp raw=0,10 out=0,5 hv=0,0
10:07:58 tp raw=0,3 out=0,0 hv=0,0
10:07:58 tp raw=0,3 out=0,0 hv=0,0
10:07:58 tp raw=0,4 out=0,0 hv=0,0
10:07:58 tp raw=0,6 out=0,3 hv=0,0
10:07:58 tp raw=-3,10 out=0,5 hv=0,0
10:07:58 tp raw=-2,3 out=0,0 hv=0,0
10:07:58 tp raw=0,5 out=0,0 hv=0,0
10:07:58 tp raw=0,5 out=0,0 hv=0,0
10:07:58 tp raw=-4,7 out=0,3 hv=0,0
10:07:58 tp raw=-1,3 out=0,0 hv=0,0
10:07:58 tp raw=0,7 out=0,3 hv=0,0
10:07:58 tp raw=0,3 out=0,0 hv=0,0
10:07:58 tp raw=-2,3 out=0,0 hv=0,0
10:07:58 tp raw=-2,9 out=0,4 hv=0,0
10:07:58 tp raw=-3,8 out=0,4 hv=0,0
10:07:58 tp raw=0,8 out=0,4 hv=0,0
10:07:58 tp raw=0,12 out=0,6 hv=0,0
10:07:58 tp raw=0,4 out=0,0 hv=0,0
10:07:58 tp raw=0,4 out=0,0 hv=0,0
10:07:58 tp raw=0,1 out=0,0 hv=0,0
10:07:58 tp raw=-2,7 out=0,3 hv=0,0
10:07:58 tp raw=0,2 out=0,0 hv=0,0
10:07:58 tp raw=0,1 out=0,0 hv=0,0
10:07:58 tp raw=0,4 out=0,0 hv=0,0
10:07:58 tp raw=0,3 out=0,0 hv=0,0
10:07:58 tp raw=0,2 out=0,0 hv=0,0
10:07:58 tp raw=-5,8 out=0,4 hv=0,0
10:07:58 tp raw=0,3 out=0,0 hv=0,0
10:07:58 tp raw=0,5 out=0,0 hv=0,0
10:07:58 tp raw=0,5 out=0,0 hv=0,0
10:07:58 tp raw=0,2 out=0,0 hv=0,0
10:07:58 tp raw=0,3 out=0,0 hv=0,0
10:07:58 tp raw=0,10 out=0,5 hv=0,0
10:07:58 tp raw=0,5 out=0,0 hv=0,0
10:07:58 tp raw=0,3 out=0,0 hv=0,0
10:07:58 tp raw=0,3 out=0,0 hv=0,0
10:07:58 tp raw=0,2 out=0,0 hv=0,0
10:07:58 tp raw=-5,8 out=0,4 hv=0,0
10:07:58 tp raw=0,3 out=0,0 hv=0,0
10:07:58 tp raw=-2,5 out=0,0 hv=0,0
10:07:58 tp raw=0,4 out=0,0 hv=0,0
10:07:58 tp raw=5,5 out=0,0 hv=0,0
10:07:58 tp raw=-5,6 out=0,3 hv=0,0
10:07:58 tp raw=0,3 out=0,0 hv=0,0
10:07:58 tp raw=-3,2 out=0,0 hv=0,0
10:07:58 tp raw=0,2 out=0,0 hv=0,0
10:07:58 tp raw=0,1 out=0,0 hv=0,0
10:07:58 tp raw=-2,2 out=0,0 hv=0,0
10:07:58 tp raw=0,3 out=0,0 hv=0,0
10:07:58 tp raw=0,4 out=0,0 hv=0,0
10:07:58 tp raw=0,3 out=0,0 hv=0,0
10:07:58 tp raw=0,1 out=0,0 hv=0,0
10:07:58 tp raw=0,2 out=0,0 hv=0,0
10:07:58 tp raw=0,2 out=0,0 hv=0,0
10:07:58 tp raw=0,3 out=0,0 hv=0,0
10:07:58 tp raw=0,2 out=0,0 hv=0,0
10:07:58 tp raw=0,1 out=0,0 hv=0,0
10:07:58 tp raw=0,2 out=0,0 hv=0,0
10:07:58 tp raw=0,2 out=0,0 hv=0,0
10:07:58 tp raw=0,3 out=0,0 hv=0,0
10:07:58 tp raw=0,2 out=0,0 hv=0,0
10:07:58 tp raw=0,1 out=0,0 hv=0,0
10:07:58 tp raw=0,2 out=0,0 hv=0,0
10:07:58 tp raw=0,2 out=0,0 hv=0,0
10:07:58 tp raw=0,1 out=0,0 hv=0,0
10:07:58 tp raw=0,2 out=0,0 hv=0,0
10:07:58 tp raw=0,3 out=0,0 hv=0,0
10:07:58 tp raw=-2,2 out=0,0 hv=0,0
10:07:58 tp raw=-1,0 out=0,0 hv=0,0
10:07:58 tp raw=-5,3 out=0,0 hv=0,0
10:07:58 tp raw=6,8 out=3,4 hv=0,0
10:07:58 tp raw=-6,5 out=-3,0 hv=0,0
10:07:58 tp raw=0,2 out=0,0 hv=0,0
10:07:58 tp raw=-2,0 out=0,0 hv=0,0
10:07:58 tp raw=0,1 out=0,0 hv=0,0
10:07:58 tp raw=7,4 out=3,0 hv=0,0
10:07:58 tp raw=3,3 out=0,0 hv=0,0
10:07:58 tp raw=4,5 out=0,0 hv=0,0
10:07:58 tp raw=0,2 out=0,0 hv=0,0
10:07:58 tp raw=-6,1 out=-3,0 hv=0,0
10:07:58 tp raw=-3,2 out=0,0 hv=0,0
10:07:58 tp raw=-2,5 out=0,0 hv=0,0
10:07:58 tp raw=-1,3 out=0,0 hv=0,0
10:07:58 tp raw=-2,3 out=0,0 hv=0,0
10:07:58 tp raw=-2,2 out=0,0 hv=0,0
10:07:58 tp raw=0,3 out=0,0 hv=0,0
10:07:58 tp raw=0,4 out=0,0 hv=0,0
10:07:58 tp raw=0,3 out=0,0 hv=0,0
10:07:58 tp raw=0,2 out=0,0 hv=0,0
10:07:58 tp raw=0,1 out=0,0 hv=0,0
10:07:58 tp raw=5,2 out=0,0 hv=0,0
10:07:58 tp raw=0,2 out=0,0 hv=0,0
10:07:58 tp raw=0,1 out=0,0 hv=0,0
10:07:58 tp raw=0,2 out=0,0 hv=0,0
10:07:58 tp raw=0,5 out=0,0 hv=0,0
10:07:58 tp raw=-5,5 out=0,0 hv=0,0
10:07:58 tp raw=0,6 out=0,3 hv=0,0
10:07:58 tp raw=5,4 out=0,0 hv=0,0
10:07:58 tp raw=0,1 out=0,0 hv=0,0
10:07:58 tp raw=-5,5 out=0,0 hv=0,0
10:07:58 tp raw=-2,3 out=0,0 hv=0,0
10:07:58 tp raw=-1,2 out=0,0 hv=0,0
10:07:58 tp raw=0,3 out=0,0 hv=0,0
10:07:58 tp raw=0,2 out=0,0 hv=0,0
10:07:58 tp raw=-2,2 out=0,0 hv=0,0
10:07:58 tp raw=0,1 out=0,0 hv=0,0
10:07:58 tp raw=0,4 out=0,0 hv=0,0
10:07:58 tp raw=0,3 out=0,0 hv=0,0
10:07:58 tp raw=0,3 out=0,0 hv=0,0
10:07:58 tp raw=0,2 out=0,0 hv=0,0
10:07:58 tp raw=0,3 out=0,0 hv=0,0
10:07:58 tp raw=0,2 out=0,0 hv=0,0
10:07:58 tp raw=-3,3 out=0,0 hv=0,0
10:07:58 tp raw=-6,2 out=-3,0 hv=0,0
10:07:58 tp raw=-1,3 out=0,0 hv=0,0
10:07:58 tp raw=-2,7 out=0,3 hv=0,0
10:07:58 tp raw=0,1 out=0,0 hv=0,0
10:07:58 tp raw=0,3 out=0,0 hv=0,0
10:07:58 tp raw=0,5 out=0,0 hv=0,0
10:07:58 tp raw=0,4 out=0,0 hv=0,0
10:07:58 tp raw=0,8 out=0,4 hv=0,0
10:07:58 tp raw=0,8 out=0,4 hv=0,0
10:07:58 tp raw=0,5 out=0,0 hv=0,0
10:07:58 tp raw=-2,7 out=0,3 hv=0,0
10:07:58 tp raw=0,1 out=0,0 hv=0,0
10:07:58 tp raw=0,4 out=0,0 hv=0,0
10:07:58 tp raw=0,3 out=0,0 hv=0,0
10:07:58 tp raw=0,2 out=0,0 hv=0,0
10:07:58 tp raw=0,3 out=0,0 hv=0,0
10:07:58 tp raw=0,1 out=0,0 hv=0,0
10:07:58 tp raw=0,2 out=0,0 hv=0,0
10:07:58 tp raw=-1,0 out=0,0 hv=0,0
10:07:58 tp raw=0,3 out=0,0 hv=0,0
10:07:58 tp raw=-2,4 out=0,0 hv=0,0
10:07:58 tp raw=0,3 out=0,0 hv=0,0
10:07:58 tp raw=-2,2 out=0,0 hv=0,0
10:07:58 tp raw=-2,1 out=0,0 hv=0,0
10:07:58 tp raw=0,2 out=0,0 hv=0,0
10:07:58 tp raw=0,2 out=0,0 hv=0,0
10:07:58 tp raw=0,1 out=0,0 hv=0,0
10:07:58 tp raw=0,5 out=0,0 hv=0,0
10:07:58 tp raw=-1,3 out=0,0 hv=0,0
10:07:58 tp raw=0,5 out=0,0 hv=0,0
10:07:58 tp raw=0,4 out=0,0 hv=0,0
10:07:58 tp raw=0,3 out=0,0 hv=0,0
10:07:58 tp raw=0,3 out=0,0 hv=0,0
10:07:58 tp raw=0,5 out=0,0 hv=0,0
10:07:58 tp raw=0,2 out=0,0 hv=0,0
10:07:58 tp raw=0,13 out=0,7 hv=0,0
10:07:58 tp raw=0,13 out=0,7 hv=0,0
10:07:58 tp raw=0,12 out=0,6 hv=0,0
10:07:58 tp raw=0,3 out=0,0 hv=0,0
10:07:58 tp raw=0,5 out=0,0 hv=0,0
10:07:58 tp raw=-2,6 out=0,3 hv=0,0
10:07:58 tp raw=0,4 out=0,0 hv=0,0
10:07:58 tp raw=-2,5 out=0,0 hv=0,0
10:07:58 tp raw=-3,6 out=0,3 hv=0,0
10:07:58 tp raw=-2,7 out=0,3 hv=0,0
10:07:58 tp raw=-3,10 out=0,5 hv=0,0
10:07:58 tp raw=-2,3 out=0,0 hv=0,0
10:07:58 tp raw=0,7 out=0,3 hv=0,0
10:07:58 tp raw=0,6 out=0,3 hv=0,0
10:07:58 tp raw=0,7 out=0,3 hv=0,0
10:07:58 tp raw=0,8 out=0,4 hv=0,0
10:07:58 tp raw=-2,6 out=0,3 hv=0,0
10:07:58 tp raw=-1,5 out=0,0 hv=0,0
10:07:58 tp raw=0,4 out=0,0 hv=0,0
10:07:58 tp raw=0,5 out=0,0 hv=0,0
10:07:58 tp raw=0,8 out=0,4 hv=0,0
10:07:58 tp raw=0,3 out=0,0 hv=0,0
10:07:58 tp raw=-2,3 out=0,0 hv=0,0
10:07:58 tp raw=-2,4 out=0,0 hv=0,0
10:07:58 tp raw=-2,3 out=0,0 hv=0,0
10:07:58 tp raw=0,7 out=0,3 hv=0,0
10:07:58 tp raw=0,3 out=0,0 hv=0,0
10:07:58 tp raw=-1,10 out=0,5 hv=0,0
10:07:58 tp raw=-2,8 out=0,4 hv=0,0
10:07:58 tp raw=-3,7 out=0,3 hv=0,0
10:07:58 tp raw=0,1 out=0,0 hv=0,0
10:07:58 tp raw=5,4 out=0,0 hv=0,0
10:07:58 tp raw=0,1 out=0,0 hv=0,0
10:07:58 tp raw=-7,2 out=-3,0 hv=0,0
10:07:58 tp raw=0,1 out=0,0 hv=0,0
10:07:58 tp raw=0,4 out=0,0 hv=0,0
10:07:58 tp raw=0,3 out=0,0 hv=0,0
10:07:58 tp raw=0,2 out=0,0 hv=0,0
10:07:58 tp raw=0,1 out=0,0 hv=0,0
10:07:58 tp raw=-2,7 out=0,3 hv=0,0
10:07:58 tp raw=-2,3 out=0,0 hv=0,0
10:07:58 tp raw=0,3 out=0,0 hv=0,0
10:07:58 tp raw=-1,4 out=0,0 hv=0,0
10:07:58 tp raw=0,1 out=0,0 hv=0,0
10:07:58 tp raw=-2,0 out=0,0 hv=0,0
10:07:58 tp raw=-3,7 out=0,3 hv=0,0
10:07:58 tp raw=0,2 out=0,0 hv=0,0
10:07:58 tp raw=0,1 out=0,0 hv=0,0
10:07:58 tp raw=0,2 out=0,0 hv=0,0
10:07:58 tp raw=0,6 out=0,3 hv=0,0
10:07:58 tp raw=-2,4 out=0,0 hv=0,0
10:07:58 tp raw=0,3 out=0,0 hv=0,0
10:07:58 tp raw=-2,12 out=0,6 hv=0,0
10:07:58 tp raw=-2,8 out=0,4 hv=0,0
10:07:58 tp raw=-1,10 out=0,5 hv=0,0
10:07:58 tp raw=-2,1 out=0,0 hv=0,0
10:07:58 tp raw=0,4 out=0,0 hv=0,0
10:07:58 tp raw=0,1 out=0,0 hv=0,0
10:07:58 tp raw=-2,2 out=0,0 hv=0,0
10:07:58 tp raw=0,2 out=0,0 hv=0,0
10:07:58 tp raw=0,1 out=0,0 hv=0,0
10:07:58 tp raw=-3,2 out=0,0 hv=0,0
10:07:58 tp raw=-4,3 out=0,0 hv=0,0
10:07:58 tp raw=0,2 out=0,0 hv=0,0
10:07:58 tp raw=0,3 out=0,0 hv=0,0
10:07:58 tp raw=6,3 out=3,0 hv=0,0
10:07:58 tp raw=0,4 out=0,0 hv=0,0
10:07:58 tp raw=0,1 out=0,0 hv=0,0
10:07:58 tp raw=0,2 out=0,0 hv=0,0
10:07:58 tp raw=-6,3 out=-3,0 hv=0,0
10:07:58 tp raw=0,2 out=0,0 hv=0,0
10:07:58 tp raw=0,2 out=0,0 hv=0,0
10:07:58 tp raw=0,3 out=0,0 hv=0,0
10:07:58 tp raw=0,5 out=0,0 hv=0,0
10:07:58 tp raw=6,1 out=3,0 hv=0,0
10:07:58 tp raw=0,2 out=0,0 hv=0,0
10:07:58 tp raw=0,3 out=0,0 hv=0,0
10:07:58 tp raw=-11,7 out=-5,3 hv=0,0
10:07:58 tp raw=-1,10 out=0,5 hv=0,0
10:07:58 tp raw=-2,3 out=0,0 hv=0,0
10:07:58 tp raw=-2,2 out=0,0 hv=0,0
10:07:58 tp raw=0,1 out=0,0 hv=0,0
10:07:58 tp raw=0,2 out=0,0 hv=0,0
10:07:58 tp raw=0,2 out=0,0 hv=0,0
10:07:58 tp raw=0,1 out=0,0 hv=0,0
10:07:58 tp raw=0,2 out=0,0 hv=0,0
10:07:58 tp raw=0,2 out=0,0 hv=0,0
10:07:58 tp raw=0,1 out=0,0 hv=0,0
10:07:58 tp raw=0,3 out=0,0 hv=0,0
10:07:58 tp raw=0,2 out=0,0 hv=0,0
10:07:58 tp raw=0,2 out=0,0 hv=0,0
10:07:58 tp raw=0,5 out=0,0 hv=0,0
10:07:58 tp raw=-2,5 out=0,0 hv=0,0
10:07:58 tp raw=-1,1 out=0,0 hv=0,0
10:07:58 tp raw=-2,4 out=0,0 hv=0,0
10:07:58 tp raw=0,3 out=0,0 hv=0,0
10:07:59 tp raw=-2,5 out=0,0 hv=0,0
10:07:59 tp raw=0,3 out=0,0 hv=0,0
10:07:59 tp raw=-1,12 out=0,6 hv=0,0
10:07:59 tp raw=0,8 out=0,4 hv=0,0
10:07:59 tp raw=0,10 out=0,5 hv=0,0
10:07:59 tp raw=0,1 out=0,0 hv=0,0
10:07:59 tp raw=0,5 out=0,0 hv=0,0
10:07:59 tp raw=5,2 out=0,0 hv=0,0
10:07:59 tp raw=0,2 out=0,0 hv=0,0
10:07:59 tp raw=1,1 out=0,0 hv=0,0
10:07:59 tp raw=0,2 out=0,0 hv=0,0
10:07:59 tp raw=0,3 out=0,0 hv=0,0
10:07:59 tp raw=0,5 out=0,0 hv=0,0
10:07:59 tp raw=-5,3 out=0,0 hv=0,0
10:07:59 tp raw=0,2 out=0,0 hv=0,0
10:07:59 tp raw=0,2 out=0,0 hv=0,0
10:07:59 tp raw=0,1 out=0,0 hv=0,0
10:07:59 tp raw=0,2 out=0,0 hv=0,0
10:07:59 tp raw=-1,2 out=0,0 hv=0,0
10:07:59 tp raw=-2,1 out=0,0 hv=0,0
10:07:59 tp raw=-2,2 out=0,0 hv=0,0
10:07:59 tp raw=0,2 out=0,0 hv=0,0
10:07:59 tp raw=0,1 out=0,0 hv=0,0
10:07:59 tp raw=0,2 out=0,0 hv=0,0
10:07:59 tp raw=5,8 out=0,4 hv=0,0
10:07:59 tp raw=2,5 out=0,0 hv=0,0
10:07:59 tp raw=2,2 out=0,0 hv=0,0
10:07:59 tp raw=0,3 out=0,0 hv=0,0
10:07:59 tp raw=0,2 out=0,0 hv=0,0
10:07:59 tp raw=0,1 out=0,0 hv=0,0
10:07:59 tp raw=1,3 out=0,0 hv=0,0
10:07:59 tp raw=0,4 out=0,0 hv=0,0
10:07:59 tp raw=0,3 out=0,0 hv=0,0
10:07:59 tp raw=0,2 out=0,0 hv=0,0
10:07:59 tp raw=0,1 out=0,0 hv=0,0
10:07:59 tp raw=0,4 out=0,0 hv=0,0
10:07:59 tp raw=0,1 out=0,0 hv=0,0
10:07:59 tp raw=0,7 out=0,3 hv=0,0
10:07:59 tp raw=2,2 out=0,0 hv=0,0
10:07:59 tp raw=0,1 out=0,0 hv=0,0
10:07:59 tp raw=0,3 out=0,0 hv=0,0
10:07:59 tp raw=0,4 out=0,0 hv=0,0
10:07:59 tp raw=0,3 out=0,0 hv=0,0
10:07:59 tp raw=0,3 out=0,0 hv=0,0
10:07:59 tp raw=0,2 out=0,0 hv=0,0
10:07:59 tp raw=0,3 out=0,0 hv=0,0
10:07:59 tp raw=-5,5 out=0,0 hv=0,0
10:07:59 tp raw=0,2 out=0,0 hv=0,0
10:07:59 tp raw=0,1 out=0,0 hv=0,0
10:07:59 tp raw=0,2 out=0,0 hv=0,0
10:07:59 tp raw=0,5 out=0,0 hv=0,0
10:07:59 tp raw=0,3 out=0,0 hv=0,0
10:07:59 tp raw=-3,2 out=0,0 hv=0,0
10:07:59 tp raw=-4,2 out=0,0 hv=0,0
10:07:59 tp raw=0,1 out=0,0 hv=0,0
10:07:59 tp raw=0,7 out=0,3 hv=0,0
10:07:59 tp raw=7,8 out=3,4 hv=0,0
10:07:59 tp raw=2,5 out=0,0 hv=0,0
10:07:59 tp raw=-5,7 out=0,3 hv=0,0
10:07:59 tp raw=0,1 out=0,0 hv=0,0
10:07:59 tp raw=0,5 out=0,0 hv=0,0
10:07:59 tp raw=0,2 out=0,0 hv=0,0
10:07:59 tp raw=0,6 out=0,3 hv=0,0
10:07:59 tp raw=0,4 out=0,0 hv=0,0
10:07:59 tp raw=0,5 out=0,0 hv=0,0
10:07:59 tp raw=-2,3 out=0,0 hv=0,0
10:07:59 tp raw=-2,2 out=0,0 hv=0,0
10:07:59 tp raw=0,6 out=0,3 hv=0,0
10:07:59 tp raw=0,3 out=0,0 hv=0,0
10:07:59 tp raw=0,4 out=0,0 hv=0,0
10:07:59 tp raw=0,3 out=0,0 hv=0,0
10:07:59 tp raw=0,3 out=0,0 hv=0,0
10:07:59 tp raw=0,5 out=0,0 hv=0,0
10:07:59 tp raw=0,4 out=0,0 hv=0,0
10:07:59 tp raw=0,3 out=0,0 hv=0,0
10:07:59 tp raw=0,1 out=0,0 hv=0,0
10:07:59 tp raw=-2,5 out=0,0 hv=0,0
10:07:59 tp raw=-1,9 out=0,4 hv=0,0
10:07:59 tp raw=-2,3 out=0,0 hv=0,0
10:07:59 tp raw=0,3 out=0,0 hv=0,0
10:07:59 tp raw=5,3 out=0,0 hv=0,0
10:07:59 tp raw=2,5 out=0,0 hv=0,0
10:07:59 tp raw=-7,7 out=-3,3 hv=0,0
10:07:59 tp raw=-2,12 out=0,6 hv=0,0
10:07:59 tp raw=0,9 out=0,4 hv=0,0
10:07:59 tp raw=-1,12 out=0,6 hv=0,0
10:07:59 tp raw=0,3 out=0,0 hv=0,0
10:07:59 tp raw=0,10 out=0,5 hv=0,0
10:07:59 tp raw=0,2 out=0,0 hv=0,0
10:07:59 tp raw=0,3 out=0,0 hv=0,0
10:07:59 tp raw=-2,5 out=0,0 hv=0,0
10:07:59 tp raw=-2,3 out=0,0 hv=0,0
10:07:59 tp raw=0,10 out=0,5 hv=0,0
10:07:59 tp raw=0,5 out=0,0 hv=0,0
10:07:59 tp raw=0,3 out=0,0 hv=0,0
10:07:59 tp raw=0,4 out=0,0 hv=0,0
10:07:59 tp raw=0,3 out=0,0 hv=0,0
10:07:59 tp raw=0,6 out=0,3 hv=0,0
10:07:59 tp raw=0,4 out=0,0 hv=0,0
10:07:59 tp raw=0,3 out=0,0 hv=0,0
10:07:59 tp raw=0,5 out=0,0 hv=0,0
10:07:59 tp raw=5,3 out=0,0 hv=0,0
10:07:59 tp raw=0,5 out=0,0 hv=0,0
10:07:59 tp raw=0,2 out=0,0 hv=0,0
10:07:59 tp raw=0,5 out=0,0 hv=0,0
10:07:59 tp raw=0,1 out=0,0 hv=0,0
10:07:59 tp raw=0,4 out=0,0 hv=0,0
10:07:59 tp raw=2,5 out=0,0 hv=0,0
10:07:59 tp raw=0,3 out=0,0 hv=0,0
10:07:59 tp raw=0,3 out=0,0 hv=0,0
10:07:59 tp raw=0,7 out=0,3 hv=0,0
10:07:59 tp raw=0,10 out=0,5 hv=0,0
10:07:59 tp raw=2,6 out=0,3 hv=0,0
10:07:59 tp raw=0,4 out=0,0 hv=0,0
10:07:59 tp raw=0,4 out=0,0 hv=0,0
10:07:59 tp raw=-7,4 out=-3,0 hv=0,0
10:07:59 tp raw=0,1 out=0,0 hv=0,0
10:07:59 tp raw=5,10 out=0,5 hv=0,0
10:07:59 tp raw=2,5 out=0,0 hv=0,0
10:07:59 tp raw=1,3 out=0,0 hv=0,0
10:07:59 tp raw=2,4 out=0,0 hv=0,0
10:07:59 tp raw=4,6 out=0,3 hv=0,0
10:07:59 tp raw=1,9 out=0,4 hv=0,0
10:07:59 tp raw=0,8 out=0,4 hv=0,0
10:07:59 tp raw=0,5 out=0,0 hv=0,0
10:07:59 tp raw=-5,6 out=0,3 hv=0,0
10:07:59 tp raw=0,2 out=0,0 hv=0,0
10:07:59 tp raw=0,2 out=0,0 hv=0,0
10:07:59 tp raw=-2,1 out=0,0 hv=0,0
10:07:59 tp raw=0,4 out=0,0 hv=0,0
10:07:59 tp raw=0,6 out=0,3 hv=0,0
10:07:59 tp raw=0,3 out=0,0 hv=0,0
10:07:59 tp raw=0,4 out=0,0 hv=0,0
10:07:59 tp raw=-1,5 out=0,0 hv=0,0
10:07:59 tp raw=0,3 out=0,0 hv=0,0
10:07:59 tp raw=0,11 out=0,5 hv=0,0
10:07:59 tp raw=0,14 out=0,8 hv=0,0
10:07:59 tp raw=8,11 out=4,5 hv=0,0
10:07:59 tp raw=0,3 out=0,0 hv=0,0
10:07:59 tp raw=0,4 out=0,0 hv=0,0
10:07:59 tp raw=0,5 out=0,0 hv=0,0
10:07:59 tp raw=0,3 out=0,0 hv=0,0
10:07:59 tp raw=0,8 out=0,4 hv=0,0
10:07:59 tp raw=0,5 out=0,0 hv=0,0
10:07:59 tp raw=0,3 out=0,0 hv=0,0
10:07:59 tp raw=0,4 out=0,0 hv=0,0
10:07:59 tp raw=0,5 out=0,0 hv=0,0
10:07:59 tp raw=2,8 out=0,4 hv=0,0
10:07:59 tp raw=2,5 out=0,0 hv=0,0
10:07:59 tp raw=1,3 out=0,0 hv=0,0
10:07:59 tp raw=0,5 out=0,0 hv=0,0
10:07:59 tp raw=0,3 out=0,0 hv=0,0
10:07:59 tp raw=0,12 out=0,6 hv=0,0
10:07:59 tp raw=0,5 out=0,0 hv=0,0
10:07:59 tp raw=0,3 out=0,0 hv=0,0
10:07:59 tp raw=-5,7 out=0,3 hv=0,0
10:07:59 tp raw=0,11 out=0,5 hv=0,0
10:07:59 tp raw=0,5 out=0,0 hv=0,0
10:07:59 tp raw=0,3 out=0,0 hv=0,0
10:07:59 tp raw=0,5 out=0,0 hv=0,0
10:07:59 tp raw=0,2 out=0,0 hv=0,0
10:07:59 tp raw=0,8 out=0,4 hv=0,0
10:07:59 tp raw=5,12 out=0,6 hv=0,0
10:07:59 tp raw=2,11 out=0,5 hv=0,0
10:07:59 tp raw=0,13 out=0,7 hv=0,0
10:07:59 tp raw=0,4 out=0,0 hv=0,0
10:07:59 tp raw=0,6 out=0,3 hv=0,0
10:07:59 tp raw=0,5 out=0,0 hv=0,0
10:07:59 tp raw=0,3 out=0,0 hv=0,0
10:07:59 tp raw=0,4 out=0,0 hv=0,0
10:07:59 tp raw=0,1 out=0,0 hv=0,0
10:07:59 tp raw=4,10 out=0,5 hv=0,0
10:07:59 tp raw=0,3 out=0,0 hv=0,0
10:07:59 tp raw=0,2 out=0,0 hv=0,0
10:07:59 tp raw=0,3 out=0,0 hv=0,0
10:07:59 tp raw=0,5 out=0,0 hv=0,0
10:07:59 tp raw=0,4 out=0,0 hv=0,0
10:07:59 tp raw=0,6 out=0,3 hv=0,0
10:07:59 tp raw=0,3 out=0,0 hv=0,0
10:07:59 tp raw=0,4 out=0,0 hv=0,0
10:07:59 tp raw=0,1 out=0,0 hv=0,0
10:07:59 tp raw=0,4 out=0,0 hv=0,0
10:07:59 tp raw=3,6 out=0,3 hv=0,0
10:07:59 tp raw=0,4 out=0,0 hv=0,0
10:07:59 tp raw=0,3 out=0,0 hv=0,0
10:07:59 tp raw=0,3 out=0,0 hv=0,0
10:07:59 tp raw=2,2 out=0,0 hv=0,0
10:07:59 tp raw=1,3 out=0,0 hv=0,0
10:07:59 tp raw=0,2 out=0,0 hv=0,0
10:07:59 tp raw=4,5 out=0,0 hv=0,0
10:07:59 tp raw=2,3 out=0,0 hv=0,0
10:07:59 tp raw=0,3 out=0,0 hv=0,0
10:07:59 tp raw=0,2 out=0,0 hv=0,0
10:07:59 tp raw=0,2 out=0,0 hv=0,0
10:07:59 tp raw=0,3 out=0,0 hv=0,0
10:07:59 tp raw=-6,1 out=-3,0 hv=0,0
10:07:59 tp raw=0,2 out=0,0 hv=0,0
10:07:59 tp raw=-1,2 out=0,0 hv=0,0
10:07:59 tp raw=0,3 out=0,0 hv=0,0
10:07:59 tp raw=0,2 out=0,0 hv=0,0
10:07:59 tp raw=0,1 out=0,0 hv=0,0
10:07:59 tp raw=0,2 out=0,0 hv=0,0
10:07:59 tp raw=0,2 out=0,0 hv=0,0
10:07:59 tp raw=0,3 out=0,0 hv=0,0
10:07:59 tp raw=0,2 out=0,0 hv=0,0
10:07:59 tp raw=-2,0 out=0,0 hv=0,0
10:07:59 tp raw=0,1 out=0,0 hv=0,0
10:07:59 tp raw=0,2 out=0,0 hv=0,0
10:07:59 tp raw=0,3 out=0,0 hv=0,0
10:07:59 tp raw=0,5 out=0,0 hv=0,0
10:07:59 tp raw=0,10 out=0,5 hv=0,0
10:07:59 tp raw=5,3 out=0,0 hv=0,0
10:07:59 tp raw=2,5 out=0,0 hv=0,0
10:07:59 tp raw=2,3 out=0,0 hv=0,0
10:07:59 tp raw=1,2 out=0,0 hv=0,0
10:07:59 tp raw=0,2 out=0,0 hv=0,0
10:07:59 tp raw=0,1 out=0,0 hv=0,0
10:07:59 tp raw=0,5 out=0,0 hv=0,0
10:07:59 tp raw=2,5 out=0,0 hv=0,0
10:07:59 tp raw=0,7 out=0,3 hv=0,0
10:07:59 tp raw=0,5 out=0,0 hv=0,0
10:07:59 tp raw=0,3 out=0,0 hv=0,0
10:07:59 tp raw=-5,3 out=0,0 hv=0,0
10:07:59 tp raw=5,4 out=0,0 hv=0,0
10:07:59 tp raw=0,1 out=0,0 hv=0,0
10:07:59 tp raw=0,2 out=0,0 hv=0,0
10:07:59 tp raw=0,2 out=0,0 hv=0,0
10:07:59 tp raw=0,1 out=0,0 hv=0,0
10:07:59 tp raw=0,5 out=0,0 hv=0,0
10:07:59 tp raw=0,2 out=0,0 hv=0,0
10:07:59 tp raw=0,5 out=0,0 hv=0,0
10:07:59 tp raw=0,1 out=0,0 hv=0,0
10:07:59 tp raw=0,4 out=0,0 hv=0,0
10:07:59 tp raw=0,5 out=0,0 hv=0,0
10:07:59 tp raw=0,1 out=0,0 hv=0,0
10:07:59 tp raw=-5,10 out=0,5 hv=0,0
10:07:59 tp raw=-4,8 out=0,4 hv=0,0
10:07:59 tp raw=7,9 out=3,4 hv=0,0
10:07:59 tp raw=2,3 out=0,0 hv=0,0
10:07:59 tp raw=2,5 out=0,0 hv=0,0
10:07:59 tp raw=0,3 out=0,0 hv=0,0
10:07:59 tp raw=3,5 out=0,0 hv=0,0
10:07:59 tp raw=4,3 out=0,0 hv=0,0
10:07:59 tp raw=0,4 out=0,0 hv=0,0
10:07:59 tp raw=-6,8 out=-3,4 hv=0,0
10:07:59 tp raw=0,1 out=0,0 hv=0,0
10:07:59 tp raw=0,4 out=0,0 hv=0,0
10:08:00 tp raw=0,1 out=0,0 hv=0,0
10:08:00 tp raw=0,5 out=0,0 hv=0,0
10:08:00 tp raw=0,4 out=0,0 hv=0,0
10:08:00 tp raw=0,3 out=0,0 hv=0,0
10:08:00 tp raw=0,3 out=0,0 hv=0,0
10:08:00 tp raw=0,2 out=0,0 hv=0,0
10:08:00 tp raw=6,8 out=3,4 hv=0,0
10:08:00 tp raw=0,3 out=0,0 hv=0,0
10:08:00 tp raw=1,4 out=0,0 hv=0,0
10:08:00 tp raw=0,3 out=0,0 hv=0,0
10:08:00 tp raw=0,3 out=0,0 hv=0,0
10:08:00 tp raw=-5,7 out=0,3 hv=0,0
10:08:00 tp raw=0,1 out=0,0 hv=0,0
10:08:00 tp raw=0,4 out=0,0 hv=0,0
10:08:00 tp raw=0,11 out=0,5 hv=0,0
10:08:00 tp raw=5,13 out=0,7 hv=0,0
10:08:00 tp raw=0,9 out=0,4 hv=0,0
10:08:00 tp raw=0,6 out=0,3 hv=0,0
10:08:00 tp raw=4,4 out=0,0 hv=0,0
10:08:00 tp raw=0,3 out=0,0 hv=0,0
10:08:00 tp raw=0,1 out=0,0 hv=0,0
10:08:00 tp raw=0,9 out=0,4 hv=0,0
10:08:00 tp raw=-5,5 out=0,0 hv=0,0
10:08:00 tp raw=0,3 out=0,0 hv=0,0
10:08:00 tp raw=0,3 out=0,0 hv=0,0
10:08:00 tp raw=0,2 out=0,0 hv=0,0
10:08:00 tp raw=0,5 out=0,0 hv=0,0
10:08:00 tp raw=0,1 out=0,0 hv=0,0
10:08:00 tp raw=0,4 out=0,0 hv=0,0
10:08:00 tp raw=0,1 out=0,0 hv=0,0
10:08:00 tp raw=0,9 out=0,4 hv=0,0
10:08:00 tp raw=0,3 out=0,0 hv=0,0
10:08:00 tp raw=0,3 out=0,0 hv=0,0
10:08:00 tp raw=0,3 out=0,0 hv=0,0
10:08:00 tp raw=0,2 out=0,0 hv=0,0
10:08:00 tp raw=-4,8 out=0,4 hv=0,0
10:08:00 tp raw=-2,4 out=0,0 hv=0,0
10:08:00 tp raw=0,3 out=0,0 hv=0,0
10:08:00 tp raw=0,3 out=0,0 hv=0,0
10:08:00 tp raw=0,7 out=0,3 hv=0,0
10:08:00 tp raw=0,13 out=0,7 hv=0,0
10:08:00 tp raw=0,11 out=0,5 hv=0,0
10:08:00 tp raw=0,15 out=0,10 hv=0,0
10:08:00 tp raw=0,4 out=0,0 hv=0,0
10:08:00 tp raw=0,3 out=0,0 hv=0,0
10:08:00 tp raw=7,6 out=3,3 hv=0,0
10:08:00 tp raw=0,4 out=0,0 hv=0,0
10:08:00 tp raw=0,1 out=0,0 hv=0,0
10:08:00 tp raw=0,2 out=0,0 hv=0,0
10:08:00 tp raw=0,2 out=0,0 hv=0,0
10:08:00 tp raw=2,5 out=0,0 hv=0,0
10:08:00 tp raw=0,3 out=0,0 hv=0,0
10:08:00 tp raw=0,3 out=0,0 hv=0,0
10:08:00 tp raw=0,3 out=0,0 hv=0,0
10:08:00 tp raw=0,2 out=0,0 hv=0,0
10:08:00 tp raw=-5,5 out=0,0 hv=0,0
10:08:00 tp raw=0,2 out=0,0 hv=0,0
10:08:00 tp raw=0,3 out=0,0 hv=0,0
10:08:00 tp raw=-2,5 out=0,0 hv=0,0
10:08:00 tp raw=-2,3 out=0,0 hv=0,0
10:08:00 tp raw=0,5 out=0,0 hv=0,0
10:08:00 tp raw=0,3 out=0,0 hv=0,0
10:08:00 tp raw=-1,4 out=0,0 hv=0,0
10:08:00 tp raw=0,1 out=0,0 hv=0,0
10:08:00 tp raw=7,5 out=3,0 hv=0,0
10:08:00 tp raw=0,2 out=0,0 hv=0,0
10:08:00 tp raw=0,8 out=0,4 hv=0,0
10:08:00 tp raw=0,15 out=0,10 hv=0,0
10:08:00 tp raw=-6,11 out=-3,5 hv=0,0
10:08:00 tp raw=6,4 out=3,0 hv=0,0
10:08:00 tp raw=0,1 out=0,0 hv=0,0
10:08:00 tp raw=0,7 out=0,3 hv=0,0
10:08:00 tp raw=0,3 out=0,0 hv=0,0
10:08:00 tp raw=0,10 out=0,5 hv=0,0
10:08:00 tp raw=0,3 out=0,0 hv=0,0
10:08:00 tp raw=0,2 out=0,0 hv=0,0
10:08:00 tp raw=0,2 out=0,0 hv=0,0
10:08:00 tp raw=1,3 out=0,0 hv=0,0
10:08:00 tp raw=0,5 out=0,0 hv=0,0
10:08:00 tp raw=0,3 out=0,0 hv=0,0
10:08:00 tp raw=0,3 out=0,0 hv=0,0
10:08:00 tp raw=0,2 out=0,0 hv=0,0
10:08:00 tp raw=2,5 out=0,0 hv=0,0
10:08:00 tp raw=2,5 out=0,0 hv=0,0
10:08:00 tp raw=1,5 out=0,0 hv=0,0
10:08:00 tp raw=0,5 out=0,0 hv=0,0
10:08:00 tp raw=0,5 out=0,0 hv=0,0
10:08:00 tp raw=-8,8 out=-4,4 hv=0,0
10:08:00 tp raw=-2,3 out=0,0 hv=0,0
10:08:00 tp raw=0,4 out=0,0 hv=0,0
10:08:00 tp raw=0,6 out=0,3 hv=0,0
10:08:00 tp raw=0,8 out=0,4 hv=0,0
10:08:00 tp raw=0,7 out=0,3 hv=0,0
10:08:00 tp raw=-2,10 out=0,5 hv=0,0
10:08:00 tp raw=0,10 out=0,5 hv=0,0
10:08:00 tp raw=-1,3 out=0,0 hv=0,0
10:08:00 tp raw=-2,3 out=0,0 hv=0,0
10:08:00 tp raw=0,5 out=0,0 hv=0,0
10:08:00 tp raw=0,7 out=0,3 hv=0,0
10:08:00 tp raw=5,1 out=0,0 hv=0,0
10:08:00 tp raw=0,4 out=0,0 hv=0,0
10:08:00 tp raw=0,5 out=0,0 hv=0,0
10:08:00 tp raw=0,8 out=0,4 hv=0,0
10:08:00 tp raw=2,3 out=0,0 hv=0,0
10:08:00 tp raw=2,3 out=0,0 hv=0,0
10:08:00 tp raw=1,4 out=0,0 hv=0,0
10:08:00 tp raw=0,3 out=0,0 hv=0,0
10:08:00 tp raw=0,7 out=0,3 hv=0,0
10:08:00 tp raw=0,3 out=0,0 hv=0,0
10:08:00 tp raw=0,5 out=0,0 hv=0,0
10:08:00 tp raw=0,3 out=0,0 hv=0,0
10:08:00 tp raw=0,5 out=0,0 hv=0,0
10:08:00 tp raw=0,3 out=0,0 hv=0,0
10:08:00 tp raw=2,4 out=0,0 hv=0,0
10:08:00 tp raw=2,3 out=0,0 hv=0,0
10:08:00 tp raw=0,2 out=0,0 hv=0,0
10:08:00 tp raw=0,3 out=0,0 hv=0,0
10:08:00 tp raw=0,6 out=0,3 hv=0,0
10:08:00 tp raw=0,4 out=0,0 hv=0,0
10:08:00 tp raw=0,10 out=0,5 hv=0,0
10:08:00 tp raw=-5,8 out=0,4 hv=0,0
10:08:00 tp raw=0,6 out=0,3 hv=0,0
10:08:00 tp raw=0,4 out=0,0 hv=0,0
10:08:00 tp raw=0,6 out=0,3 hv=0,0
10:08:00 tp raw=0,4 out=0,0 hv=0,0
10:08:00 tp raw=0,1 out=0,0 hv=0,0
10:08:00 tp raw=5,2 out=0,0 hv=0,0
10:08:00 tp raw=0,3 out=0,0 hv=0,0
10:08:00 tp raw=1,3 out=0,0 hv=0,0
10:08:00 tp raw=2,2 out=0,0 hv=0,0
10:08:00 tp raw=0,2 out=0,0 hv=0,0
10:08:00 tp raw=0,3 out=0,0 hv=0,0
10:08:00 tp raw=0,2 out=0,0 hv=0,0
10:08:00 tp raw=0,1 out=0,0 hv=0,0
10:08:00 tp raw=0,5 out=0,0 hv=0,0
10:08:00 tp raw=0,4 out=0,0 hv=0,0
10:08:00 tp raw=0,3 out=0,0 hv=0,0
10:08:00 tp raw=0,1 out=0,0 hv=0,0
10:08:00 tp raw=0,2 out=0,0 hv=0,0
10:08:00 tp raw=0,3 out=0,0 hv=0,0
10:08:00 tp raw=0,2 out=0,0 hv=0,0
10:08:00 tp raw=-5,2 out=0,0 hv=0,0
10:08:00 tp raw=-2,1 out=0,0 hv=0,0
10:08:00 tp raw=-1,5 out=0,0 hv=0,0
10:08:00 tp raw=6,5 out=3,0 hv=0,0
10:08:00 tp raw=-5,3 out=0,0 hv=0,0
10:08:00 tp raw=-1,4 out=0,0 hv=0,0
10:08:00 tp raw=0,1 out=0,0 hv=0,0
10:08:00 tp raw=0,2 out=0,0 hv=0,0
10:08:00 tp raw=5,5 out=0,0 hv=0,0
10:08:00 tp raw=0,2 out=0,0 hv=0,0
10:08:00 tp raw=-5,0 out=0,0 hv=0,0
10:08:00 tp raw=0,1 out=0,0 hv=0,0
10:08:00 tp raw=0,2 out=0,0 hv=0,0
10:08:00 tp raw=0,3 out=0,0 hv=0,0
10:08:00 tp raw=0,2 out=0,0 hv=0,0
10:08:00 tp raw=0,2 out=0,0 hv=0,0
10:08:00 tp raw=0,1 out=0,0 hv=0,0
10:08:00 tp raw=-2,2 out=0,0 hv=0,0
10:08:00 tp raw=0,5 out=0,0 hv=0,0
10:08:00 tp raw=0,3 out=0,0 hv=0,0
10:08:00 tp raw=0,3 out=0,0 hv=0,0
10:08:00 tp raw=0,4 out=0,0 hv=0,0
10:08:00 tp raw=-2,1 out=0,0 hv=0,0
10:08:00 tp raw=-2,5 out=0,0 hv=0,0
10:08:00 tp raw=0,2 out=0,0 hv=0,0
10:08:00 tp raw=0,1 out=0,0 hv=0,0
10:08:00 tp raw=0,2 out=0,0 hv=0,0
10:08:00 tp raw=-1,8 out=0,4 hv=0,0
10:08:00 tp raw=0,10 out=0,5 hv=0,0
10:08:00 tp raw=0,5 out=0,0 hv=0,0
10:08:00 tp raw=0,3 out=0,0 hv=0,0
10:08:00 tp raw=0,4 out=0,0 hv=0,0
10:08:00 tp raw=0,3 out=0,0 hv=0,0
10:08:00 tp raw=0,3 out=0,0 hv=0,0
10:08:00 tp raw=0,9 out=0,4 hv=0,0
10:08:00 tp raw=0,3 out=0,0 hv=0,0
10:08:00 tp raw=0,3 out=0,0 hv=0,0
10:08:00 tp raw=0,2 out=0,0 hv=0,0
10:08:00 tp raw=-2,3 out=0,0 hv=0,0
10:08:00 tp raw=-2,3 out=0,0 hv=0,0
10:08:00 tp raw=-1,2 out=0,0 hv=0,0
10:08:00 tp raw=0,2 out=0,0 hv=0,0
10:08:00 tp raw=0,1 out=0,0 hv=0,0
10:08:00 tp raw=0,8 out=0,4 hv=0,0
10:08:00 tp raw=0,4 out=0,0 hv=0,0
10:08:00 tp raw=0,1 out=0,0 hv=0,0
10:08:00 tp raw=0,2 out=0,0 hv=0,0
10:08:00 tp raw=0,10 out=0,5 hv=0,0
10:08:00 tp raw=0,3 out=0,0 hv=0,0
10:08:00 tp raw=0,2 out=0,0 hv=0,0
10:08:00 tp raw=0,3 out=0,0 hv=0,0
10:08:00 tp raw=0,3 out=0,0 hv=0,0
10:08:00 tp raw=0,5 out=0,0 hv=0,0
10:08:00 tp raw=0,9 out=0,4 hv=0,0
10:08:00 tp raw=5,8 out=0,4 hv=0,0
10:08:00 tp raw=0,3 out=0,0 hv=0,0
10:08:00 tp raw=0,3 out=0,0 hv=0,0
10:08:00 tp raw=0,9 out=0,4 hv=0,0
10:08:00 tp raw=0,5 out=0,0 hv=0,0
10:08:00 tp raw=0,1 out=0,0 hv=0,0
10:08:00 tp raw=0,2 out=0,0 hv=0,0
10:08:00 tp raw=1,3 out=0,0 hv=0,0
10:08:00 tp raw=2,8 out=0,4 hv=0,0
10:08:00 tp raw=0,4 out=0,0 hv=0,0
10:08:00 tp raw=0,5 out=0,0 hv=0,0
10:08:00 tp raw=0,3 out=0,0 hv=0,0
10:08:00 tp raw=0,6 out=0,3 hv=0,0
10:08:00 tp raw=0,10 out=0,5 hv=0,0
10:08:00 tp raw=0,2 out=0,0 hv=0,0
10:08:00 tp raw=0,5 out=0,0 hv=0,0
10:08:00 tp raw=-5,3 out=0,0 hv=0,0
10:08:00 tp raw=-3,7 out=0,3 hv=0,0
10:08:00 tp raw=0,3 out=0,0 hv=0,0
10:08:00 tp raw=0,5 out=0,0 hv=0,0
10:08:00 tp raw=0,3 out=0,0 hv=0,0
10:08:00 tp raw=0,2 out=0,0 hv=0,0
10:08:00 tp raw=0,8 out=0,4 hv=0,0
10:08:00 tp raw=6,3 out=3,0 hv=0,0
10:08:00 tp raw=4,4 out=0,0 hv=0,0
10:08:00 tp raw=0,8 out=0,4 hv=0,0
10:08:00 tp raw=0,10 out=0,5 hv=0,0
10:08:00 tp raw=-7,5 out=-3,0 hv=0,0
10:08:00 tp raw=-2,3 out=0,0 hv=0,0
10:08:00 tp raw=-1,2 out=0,0 hv=0,0
10:08:00 tp raw=-2,1 out=0,0 hv=0,0
10:08:00 tp raw=-2,2 out=0,0 hv=0,0
10:08:00 tp raw=0,3 out=0,0 hv=0,0
10:08:00 tp raw=0,5 out=0,0 hv=0,0
10:08:00 tp raw=0,3 out=0,0 hv=0,0
10:08:00 tp raw=0,4 out=0,0 hv=0,0
10:08:00 tp raw=-3,8 out=0,4 hv=0,0
10:08:00 tp raw=-2,0 out=0,0 hv=0,0
10:08:00 tp raw=-2,5 out=0,0 hv=0,0
10:08:00 tp raw=0,2 out=0,0 hv=0,0
10:08:00 tp raw=0,5 out=0,0 hv=0,0
10:08:00 tp raw=5,1 out=0,0 hv=0,0
10:08:00 tp raw=0,5 out=0,0 hv=0,0
10:08:00 tp raw=0,3 out=0,0 hv=0,0
10:08:00 tp raw=2,2 out=0,0 hv=0,0
10:08:00 tp raw=2,3 out=0,0 hv=0,0
10:08:00 tp raw=7,4 out=3,0 hv=0,0
10:08:00 tp raw=-5,3 out=0,0 hv=0,0
10:08:00 tp raw=-4,2 out=0,0 hv=0,0
10:08:00 tp raw=-2,1 out=0,0 hv=0,0
10:08:00 tp raw=0,2 out=0,0 hv=0,0
10:08:01 tp raw=0,6 out=0,3 hv=0,0
10:08:01 tp raw=6,4 out=3,0 hv=0,0
10:08:01 tp raw=0,1 out=0,0 hv=0,0
10:08:01 tp raw=0,2 out=0,0 hv=0,0
10:08:01 tp raw=0,3 out=0,0 hv=0,0
10:08:01 tp raw=1,0 out=0,0 hv=0,0
10:08:01 tp raw=2,5 out=0,0 hv=0,0
10:08:01 tp raw=0,2 out=0,0 hv=0,0
10:08:01 tp raw=0,2 out=0,0 hv=0,0
10:08:01 tp raw=0,3 out=0,0 hv=0,0
10:08:01 tp raw=0,6 out=0,3 hv=0,0
10:08:01 tp raw=0,4 out=0,0 hv=0,0
10:08:01 tp raw=0,1 out=0,0 hv=0,0
10:08:01 tp raw=0,2 out=0,0 hv=0,0
10:08:01 tp raw=0,5 out=0,0 hv=0,0
10:08:01 tp raw=0,3 out=0,0 hv=0,0
10:08:01 tp raw=0,3 out=0,0 hv=0,0
10:08:01 tp raw=0,2 out=0,0 hv=0,0
10:08:01 tp raw=0,2 out=0,0 hv=0,0
10:08:01 tp raw=0,3 out=0,0 hv=0,0
10:08:01 tp raw=0,3 out=0,0 hv=0,0
10:08:01 tp raw=0,2 out=0,0 hv=0,0
10:08:01 tp raw=0,3 out=0,0 hv=0,0
10:08:01 tp raw=0,4 out=0,0 hv=0,0
10:08:01 tp raw=0,1 out=0,0 hv=0,0
10:08:01 tp raw=-7,8 out=-3,4 hv=0,0
10:08:01 tp raw=-2,7 out=0,3 hv=0,0
10:08:01 tp raw=-1,8 out=0,4 hv=0,0
10:08:01 tp raw=0,4 out=0,0 hv=0,0
10:08:01 tp raw=0,3 out=0,0 hv=0,0
10:08:01 tp raw=0,3 out=0,0 hv=0,0
10:08:01 tp raw=0,2 out=0,0 hv=0,0
10:08:01 tp raw=0,3 out=0,0 hv=0,0
10:08:01 tp raw=0,5 out=0,0 hv=0,0
10:08:01 tp raw=0,7 out=0,3 hv=0,0
10:08:01 tp raw=0,1 out=0,0 hv=0,0
10:08:01 tp raw=0,3 out=0,0 hv=0,0
10:08:01 tp raw=-2,2 out=0,0 hv=0,0
10:08:01 tp raw=0,2 out=0,0 hv=0,0
10:08:01 tp raw=5,1 out=0,0 hv=0,0
10:08:01 tp raw=0,2 out=0,0 hv=0,0
10:08:01 tp raw=0,7 out=0,3 hv=0,0
10:08:01 tp raw=-5,8 out=0,4 hv=0,0
10:08:01 tp raw=-2,2 out=0,0 hv=0,0
10:08:01 tp raw=0,4 out=0,0 hv=0,0
10:08:01 tp raw=0,4 out=0,0 hv=0,0
10:08:01 tp raw=0,1 out=0,0 hv=0,0
10:08:01 tp raw=0,5 out=0,0 hv=0,0
10:08:01 tp raw=0,9 out=0,4 hv=0,0
10:08:01 tp raw=-1,1 out=0,0 hv=0,0
10:08:01 tp raw=-2,3 out=0,0 hv=0,0
10:08:01 tp raw=-2,7 out=0,3 hv=0,0
10:08:01 tp raw=-3,8 out=0,4 hv=0,0
10:08:01 tp raw=7,5 out=3,0 hv=0,0
10:08:01 tp raw=0,5 out=0,0 hv=0,0
10:08:01 tp raw=0,3 out=0,0 hv=0,0
10:08:01 tp raw=0,2 out=0,0 hv=0,0
10:08:01 tp raw=0,5 out=0,0 hv=0,0
10:08:01 tp raw=1,3 out=0,0 hv=0,0
10:08:01 tp raw=0,7 out=0,3 hv=0,0
10:08:01 tp raw=0,2 out=0,0 hv=0,0
10:08:01 tp raw=0,6 out=0,3 hv=0,0
10:08:01 tp raw=-5,5 out=0,0 hv=0,0
10:08:01 tp raw=0,3 out=0,0 hv=0,0
10:08:01 tp raw=-2,7 out=0,3 hv=0,0
10:08:01 tp raw=0,3 out=0,0 hv=0,0
10:08:01 tp raw=0,2 out=0,0 hv=0,0
10:08:01 tp raw=0,5 out=0,0 hv=0,0
10:08:01 tp raw=0,3 out=0,0 hv=0,0
10:08:01 tp raw=0,5 out=0,0 hv=0,0
10:08:01 tp raw=0,3 out=0,0 hv=0,0
10:08:01 tp raw=0,4 out=0,0 hv=0,0
10:08:01 tp raw=0,1 out=0,0 hv=0,0
10:08:01 tp raw=-1,2 out=0,0 hv=0,0
10:08:01 tp raw=0,3 out=0,0 hv=0,0
10:08:01 tp raw=0,7 out=0,3 hv=0,0
10:08:01 tp raw=0,1 out=0,0 hv=0,0
10:08:01 tp raw=-2,2 out=0,0 hv=0,0
10:08:01 tp raw=0,5 out=0,0 hv=0,0
10:08:01 tp raw=7,10 out=3,5 hv=0,0
10:08:01 tp raw=0,3 out=0,0 hv=0,0
10:08:01 tp raw=0,2 out=0,0 hv=0,0
10:08:01 tp raw=-5,1 out=0,0 hv=0,0
10:08:01 tp raw=-2,4 out=0,0 hv=0,0
10:08:01 tp raw=0,1 out=0,0 hv=0,0
10:08:01 tp raw=0,4 out=0,0 hv=0,0
10:08:01 tp raw=0,1 out=0,0 hv=0,0
10:08:01 tp raw=0,7 out=0,3 hv=0,0
10:08:01 tp raw=0,1 out=0,0 hv=0,0
10:08:01 tp raw=0,4 out=0,0 hv=0,0
10:08:01 tp raw=0,1 out=0,0 hv=0,0
10:08:01 tp raw=0,2 out=0,0 hv=0,0
10:08:01 tp raw=0,5 out=0,0 hv=0,0
10:08:01 tp raw=0,2 out=0,0 hv=0,0
10:08:01 tp raw=0,1 out=0,0 hv=0,0
10:08:01 tp raw=-2,0 out=0,0 hv=0,0
10:08:01 tp raw=0,2 out=0,0 hv=0,0
10:08:01 tp raw=5,2 out=0,0 hv=0,0
10:08:01 tp raw=0,5 out=0,0 hv=0,0
10:08:01 tp raw=0,1 out=0,0 hv=0,0
10:08:01 tp raw=0,3 out=0,0 hv=0,0
10:08:01 tp raw=0,4 out=0,0 hv=0,0
10:08:01 tp raw=6,11 out=3,5 hv=0,0
10:08:01 tp raw=6,12 out=3,6 hv=0,0
10:08:01 tp raw=0,15 out=0,10 hv=0,0
10:08:01 tp raw=-5,9 out=0,4 hv=0,0
10:08:01 tp raw=-5,12 out=0,6 hv=0,0
10:08:01 tp raw=-5,16 out=0,11 hv=0,0
10:08:01 tp raw=-15,28 out=-10,28 hv=0,0
10:08:02 tp raw=42,-35 out=48,-38 hv=0,0
10:08:02 tp raw=12,-10 out=6,-5 hv=0,0
10:08:02 tp raw=12,-9 out=6,-4 hv=0,0
10:08:02 tp raw=12,-10 out=6,-5 hv=0,0
10:08:02 tp raw=14,-10 out=8,-5 hv=0,0
10:08:02 tp raw=24,-20 out=22,-17 hv=0,0
10:08:02 tp raw=12,-8 out=6,-4 hv=0,0
10:08:02 tp raw=16,-10 out=11,-5 hv=0,0
10:08:02 tp raw=13,-8 out=7,-4 hv=0,0
10:08:02 tp raw=24,-12 out=22,-6 hv=0,0
10:08:02 tp raw=11,-5 out=5,0 hv=0,0
10:08:02 tp raw=8,-8 out=4,-4 hv=0,0
10:08:02 tp raw=10,-8 out=5,-4 hv=0,0
10:08:02 tp raw=11,-7 out=5,-3 hv=0,0
10:08:02 tp raw=25,-13 out=24,-7 hv=0,0
10:08:02 tp raw=14,-3 out=8,0 hv=0,0
10:08:02 tp raw=9,-3 out=4,0 hv=0,0
10:08:02 tp raw=12,-4 out=6,0 hv=0,0
10:08:02 tp raw=8,-6 out=4,-3 hv=0,0
10:08:02 tp raw=14,-12 out=8,-6 hv=0,0
10:08:02 tp raw=10,-3 out=5,0 hv=0,0
10:08:02 tp raw=7,-3 out=3,0 hv=0,0
10:08:02 tp raw=12,-7 out=6,-3 hv=0,0
10:08:02 tp raw=19,-10 out=15,-5 hv=0,0
10:08:02 tp raw=5,-5 out=0,0 hv=0,0
10:08:02 tp raw=31,-8 out=32,-4 hv=0,0
10:08:02 tp raw=27,-5 out=27,0 hv=0,0
10:08:02 tp raw=19,-10 out=15,-5 hv=0,0
10:08:02 tp raw=3,-1 out=0,0 hv=0,0
10:08:02 tp raw=6,-2 out=3,0 hv=0,0
10:08:02 tp raw=6,0 out=3,0 hv=0,0
10:08:02 tp raw=4,-2 out=0,0 hv=0,0
10:08:02 tp raw=7,-1 out=3,0 hv=0,0
10:08:02 tp raw=5,0 out=0,0 hv=0,0
10:08:02 tp raw=14,-2 out=8,0 hv=0,0
10:08:02 tp raw=8,-2 out=4,0 hv=0,0
10:08:02 tp raw=2,0 out=0,0 hv=0,0
10:08:02 tp raw=3,-3 out=0,0 hv=0,0
10:08:02 tp raw=2,-2 out=0,0 hv=0,0
10:08:02 tp raw=3,-3 out=0,0 hv=0,0
10:08:02 tp raw=6,-1 out=3,0 hv=0,0
10:08:02 tp raw=3,0 out=0,0 hv=0,0
10:08:02 tp raw=3,-2 out=0,0 hv=0,0
10:08:02 tp raw=9,-2 out=4,0 hv=0,0
10:08:02 tp raw=2,0 out=0,0 hv=0,0
10:08:02 tp raw=0,-1 out=0,0 hv=0,0
10:08:02 tp raw=-7,-2 out=-3,0 hv=0,0
10:08:02 tp raw=-2,0 out=0,0 hv=0,0
10:08:02 tp raw=9,0 out=4,0 hv=0,0
10:08:02 tp raw=5,0 out=0,0 hv=0,0
10:08:02 tp raw=-7,0 out=-3,0 hv=0,0
10:08:02 tp raw=-9,-2 out=-4,0 hv=0,0
10:08:02 tp raw=-6,5 out=-3,0 hv=0,0
10:08:02 tp raw=-2,2 out=0,0 hv=0,0
10:08:02 tp raw=-5,0 out=0,0 hv=0,0
10:08:02 tp raw=-7,0 out=-3,0 hv=0,0
10:08:02 tp raw=-5,0 out=0,0 hv=0,0
10:08:02 tp raw=-4,0 out=0,0 hv=0,0
10:08:02 tp raw=-7,0 out=-3,0 hv=0,0
10:08:02 tp raw=-1,2 out=0,0 hv=0,0
10:08:02 tp raw=-5,1 out=0,0 hv=0,0
10:08:02 tp raw=-9,0 out=-4,0 hv=0,0
10:08:02 tp raw=-3,2 out=0,0 hv=0,0
10:08:02 tp raw=-6,1 out=-3,0 hv=0,0
10:08:02 tp raw=-20,4 out=-17,0 hv=0,0
10:08:02 tp raw=-16,3 out=-11,0 hv=0,0
10:08:02 tp raw=-10,2 out=-5,0 hv=0,0
10:08:02 tp raw=-19,3 out=-15,0 hv=0,0
10:08:02 tp raw=-13,5 out=-7,0 hv=0,0
10:08:02 tp raw=-26,5 out=-25,0 hv=0,0
10:08:02 tp raw=-17,3 out=-13,0 hv=0,0
10:08:02 tp raw=-16,3 out=-11,0 hv=0,0
10:08:02 tp raw=-15,4 out=-10,0 hv=0,0
10:08:02 tp raw=-34,3 out=-36,0 hv=0,0
10:08:02 tp raw=-14,0 out=-8,0 hv=0,0
10:08:02 tp raw=-10,2 out=-5,0 hv=0,0
10:08:02 tp raw=-48,0 out=-56,0 hv=0,0
10:08:02 tp raw=-58,1 out=-70,0 hv=0,0
10:08:02 tp raw=-40,0 out=-45,0 hv=0,0
10:08:02 tp raw=-22,0 out=-20,0 hv=0,0
10:08:02 tp raw=-9,-5 out=-4,0 hv=0,0
10:08:02 tp raw=-7,0 out=-3,0 hv=0,0
10:08:02 tp raw=-10,0 out=-5,0 hv=0,0
10:08:02 tp raw=-15,0 out=-10,0 hv=0,0
10:08:02 tp raw=-12,0 out=-6,0 hv=0,0
10:08:02 tp raw=-12,-1 out=-6,0 hv=0,0
10:08:02 tp raw=-10,0 out=-5,0 hv=0,0
10:08:02 tp raw=-18,0 out=-14,0 hv=0,0
10:08:03 tp raw=-10,5 out=-5,0 hv=0,0
10:08:03 tp raw=-8,1 out=-4,0 hv=0,0
10:08:03 tp raw=-7,0 out=-3,0 hv=0,0
10:08:03 tp raw=-5,2 out=0,0 hv=0,0
10:08:03 tp raw=-12,0 out=-6,0 hv=0,0
10:08:03 tp raw=-6,2 out=-3,0 hv=0,0
10:08:03 tp raw=-3,0 out=0,0 hv=0,0
10:08:03 tp raw=-3,0 out=0,0 hv=0,0
10:08:03 tp raw=-6,0 out=-3,0 hv=0,0
10:08:03 tp raw=-6,-5 out=-3,0 hv=0,0
10:08:03 tp raw=-6,0 out=-3,0 hv=0,0
10:08:03 tp raw=-1,-2 out=0,0 hv=0,0
10:08:03 tp raw=-4,0 out=0,0 hv=0,0
10:08:03 tp raw=-1,0 out=0,0 hv=0,0
10:08:03 tp raw=-2,-2 out=0,0 hv=0,0
10:08:03 tp raw=-22,0 out=-20,0 hv=0,0
10:08:03 tp raw=-12,-3 out=-6,0 hv=0,0
10:08:03 tp raw=-7,0 out=-3,0 hv=0,0
10:08:03 tp raw=-2,0 out=0,0 hv=0,0
10:08:03 tp raw=-3,0 out=0,0 hv=0,0
10:08:03 tp raw=-4,-2 out=0,0 hv=0,0
10:08:03 tp raw=-3,0 out=0,0 hv=0,0
10:08:03 tp raw=-2,-1 out=0,0 hv=0,0
10:08:03 tp raw=-5,0 out=0,0 hv=0,0
10:08:03 tp raw=-3,0 out=0,0 hv=0,0
10:08:03 tp raw=-6,0 out=-3,0 hv=0,0
10:08:03 tp raw=-3,-2 out=0,0 hv=0,0
10:08:03 tp raw=-3,0 out=0,0 hv=0,0
10:08:03 tp raw=-2,-2 out=0,0 hv=0,0
10:08:03 tp raw=-4,0 out=0,0 hv=0,0
10:08:03 tp raw=-1,-1 out=0,0 hv=0,0
10:08:03 tp raw=-2,0 out=0,0 hv=0,0
10:08:03 tp raw=-3,0 out=0,0 hv=0,0
10:08:03 tp raw=-11,0 out=-5,0 hv=0,0
10:08:03 tp raw=-1,0 out=0,0 hv=0,0
10:08:03 tp raw=-2,0 out=0,0 hv=0,0
10:08:03 tp raw=-4,0 out=0,0 hv=0,0
10:08:03 tp raw=-3,0 out=0,0 hv=0,0
10:08:03 tp raw=-14,0 out=-8,0 hv=0,0
10:08:03 tp raw=-8,0 out=-4,0 hv=0,0
10:08:03 tp raw=-5,-3 out=0,0 hv=0,0
10:08:03 tp raw=-2,0 out=0,0 hv=0,0
10:08:03 tp raw=-4,-2 out=0,0 hv=0,0
10:08:03 tp raw=-3,0 out=0,0 hv=0,0
10:08:03 tp raw=-2,0 out=0,0 hv=0,0
10:08:03 tp raw=-3,-2 out=0,0 hv=0,0
10:08:03 tp raw=-2,0 out=0,0 hv=0,0
10:08:03 tp raw=0,5 out=0,0 hv=0,0
10:08:03 tp raw=-2,2 out=0,0 hv=0,0
10:08:03 tp raw=0,1 out=0,0 hv=0,0
10:08:03 tp raw=6,0 out=3,0 hv=0,0
10:08:03 tp raw=-6,0 out=-3,0 hv=0,0
10:08:03 tp raw=0,2 out=0,0 hv=0,0
10:08:03 tp raw=-3,2 out=0,0 hv=0,0
10:08:03 tp raw=-3,0 out=0,0 hv=0,0
10:08:03 tp raw=-2,0 out=0,0 hv=0,0
10:08:03 tp raw=-4,0 out=0,0 hv=0,0
10:08:03 tp raw=-3,0 out=0,0 hv=0,0
10:08:03 tp raw=7,0 out=3,0 hv=0,0
10:08:03 tp raw=2,1 out=0,0 hv=0,0
10:08:03 tp raw=1,2 out=0,0 hv=0,0
10:08:03 tp raw=2,2 out=0,0 hv=0,0
10:08:03 tp raw=-7,1 out=-3,0 hv=0,0
10:08:03 tp raw=0,2 out=0,0 hv=0,0
10:08:03 tp raw=-2,0 out=0,0 hv=0,0
10:08:03 tp raw=-1,2 out=0,0 hv=0,0
10:08:03 tp raw=0,1 out=0,0 hv=0,0
10:08:03 tp raw=0,4 out=0,0 hv=0,0
10:08:03 tp raw=5,0 out=0,0 hv=0,0
10:08:03 tp raw=0,1 out=0,0 hv=0,0
10:08:03 tp raw=2,2 out=0,0 hv=0,0
10:08:03 tp raw=0,2 out=0,0 hv=0,0
10:08:03 tp raw=0,3 out=0,0 hv=0,0
10:08:03 tp raw=3,3 out=0,0 hv=0,0
10:08:03 tp raw=0,2 out=0,0 hv=0,0
10:08:03 tp raw=-5,5 out=0,0 hv=0,0
10:08:03 tp raw=0,1 out=0,0 hv=0,0
10:08:03 tp raw=5,4 out=0,0 hv=0,0
10:08:03 tp raw=2,3 out=0,0 hv=0,0
10:08:03 tp raw=1,2 out=0,0 hv=0,0
10:08:03 tp raw=0,3 out=0,0 hv=0,0
10:08:03 tp raw=0,1 out=0,0 hv=0,0
10:08:03 tp raw=0,2 out=0,0 hv=0,0
10:08:03 tp raw=0,2 out=0,0 hv=0,0
10:08:03 tp raw=2,3 out=0,0 hv=0,0
10:08:03 tp raw=2,0 out=0,0 hv=0,0
10:08:03 tp raw=-10,3 out=-5,0 hv=0,0
10:08:03 tp raw=-7,2 out=-3,0 hv=0,0
10:08:03 tp raw=0,5 out=0,0 hv=0,0
10:08:03 tp raw=0,3 out=0,0 hv=0,0
10:08:03 tp raw=-2,3 out=0,0 hv=0,0
10:08:03 tp raw=0,4 out=0,0 hv=0,0
10:08:03 tp raw=0,5 out=0,0 hv=0,0
10:08:03 tp raw=-2,10 out=0,5 hv=0,0
10:08:03 tp raw=0,5 out=0,0 hv=0,0
10:08:03 tp raw=-3,3 out=0,0 hv=0,0
10:08:03 tp raw=-4,3 out=0,0 hv=0,0
10:08:03 tp raw=-1,3 out=0,0 hv=0,0
10:08:03 tp raw=-2,7 out=0,3 hv=0,0
10:08:03 tp raw=-2,5 out=0,0 hv=0,0
10:08:03 tp raw=-3,11 out=0,5 hv=0,0
10:08:03 tp raw=-9,14 out=-4,8 hv=0,0
10:08:03 tp raw=-5,11 out=0,5 hv=0,0
10:08:03 tp raw=-1,2 out=0,0 hv=0,0
10:08:03 tp raw=0,8 out=0,4 hv=0,0
10:08:03 tp raw=-2,2 out=0,0 hv=0,0
10:08:03 tp raw=0,5 out=0,0 hv=0,0
10:08:03 tp raw=0,1 out=0,0 hv=0,0
10:08:03 tp raw=0,2 out=0,0 hv=0,0
10:08:03 tp raw=0,1 out=0,0 hv=0,0
10:08:03 tp raw=0,7 out=0,3 hv=0,0
10:08:03 tp raw=-4,3 out=0,0 hv=0,0
10:08:03 tp raw=0,4 out=0,0 hv=0,0
10:08:03 tp raw=-3,3 out=0,0 hv=0,0
10:08:03 tp raw=-2,6 out=0,3 hv=0,0
10:08:03 tp raw=-3,2 out=0,0 hv=0,0
10:08:03 tp raw=-2,5 out=0,0 hv=0,0
10:08:03 tp raw=0,3 out=0,0 hv=0,0
10:08:03 tp raw=0,5 out=0,0 hv=0,0
10:08:03 tp raw=-2,5 out=0,0 hv=0,0
10:08:03 tp raw=0,2 out=0,0 hv=0,0
10:08:03 tp raw=0,2 out=0,0 hv=0,0
10:08:03 tp raw=0,3 out=0,0 hv=0,0
10:08:03 tp raw=7,1 out=3,0 hv=0,0
10:08:03 tp raw=0,2 out=0,0 hv=0,0
10:08:03 tp raw=2,2 out=0,0 hv=0,0
10:08:03 tp raw=0,6 out=0,3 hv=0,0
10:08:03 tp raw=-12,10 out=-6,5 hv=0,0
10:08:03 tp raw=0,10 out=0,5 hv=0,0
10:08:03 tp raw=-2,10 out=0,5 hv=0,0
10:08:03 tp raw=0,3 out=0,0 hv=0,0
10:08:03 tp raw=0,2 out=0,0 hv=0,0
10:08:03 tp raw=0,1 out=0,0 hv=0,0
10:08:03 tp raw=5,4 out=0,0 hv=0,0
10:08:03 tp raw=0,6 out=0,3 hv=0,0
10:08:03 tp raw=-5,2 out=0,0 hv=0,0
10:08:03 tp raw=-7,2 out=-3,0 hv=0,0
10:08:03 tp raw=0,3 out=0,0 hv=0,0
10:08:03 tp raw=7,8 out=3,4 hv=0,0
10:08:03 tp raw=0,5 out=0,0 hv=0,0
10:08:03 tp raw=0,2 out=0,0 hv=0,0
10:08:03 tp raw=0,3 out=0,0 hv=0,0
10:08:03 tp raw=0,2 out=0,0 hv=0,0
10:08:03 tp raw=0,8 out=0,4 hv=0,0
10:08:03 tp raw=-5,5 out=0,0 hv=0,0
10:08:03 tp raw=-2,1 out=0,0 hv=0,0
10:08:03 tp raw=-3,4 out=0,0 hv=0,0
10:08:03 tp raw=-3,1 out=0,0 hv=0,0
10:08:03 tp raw=-4,2 out=0,0 hv=0,0
10:08:03 tp raw=-2,2 out=0,0 hv=0,0
10:08:03 tp raw=-3,3 out=0,0 hv=0,0
10:08:03 tp raw=0,2 out=0,0 hv=0,0
10:08:03 tp raw=-5,3 out=0,0 hv=0,0
10:08:03 tp raw=0,8 out=0,4 hv=0,0
10:08:03 tp raw=-4,3 out=0,0 hv=0,0
10:08:03 tp raw=-5,5 out=0,0 hv=0,0
10:08:03 tp raw=-1,5 out=0,0 hv=0,0
10:08:03 tp raw=-2,4 out=0,0 hv=0,0
10:08:03 tp raw=-2,1 out=0,0 hv=0,0
10:08:03 tp raw=0,4 out=0,0 hv=0,0
10:08:03 tp raw=-2,3 out=0,0 hv=0,0
10:08:03 tp raw=0,3 out=0,0 hv=0,0
10:08:03 tp raw=-1,2 out=0,0 hv=0,0
10:08:03 tp raw=0,1 out=0,0 hv=0,0
10:08:03 tp raw=0,2 out=0,0 hv=0,0
10:08:03 tp raw=0,5 out=0,0 hv=0,0
10:08:03 tp raw=5,2 out=0,0 hv=0,0
10:08:03 tp raw=0,1 out=0,0 hv=0,0
10:08:03 tp raw=0,4 out=0,0 hv=0,0
10:08:03 tp raw=-7,0 out=-3,0 hv=0,0
10:08:03 tp raw=-9,8 out=-4,4 hv=0,0
10:08:03 tp raw=-3,1 out=0,0 hv=0,0
10:08:03 tp raw=0,2 out=0,0 hv=0,0
10:08:03 tp raw=0,5 out=0,0 hv=0,0
10:08:03 tp raw=0,3 out=0,0 hv=0,0
10:08:03 tp raw=-5,5 out=0,0 hv=0,0
10:08:03 tp raw=0,2 out=0,0 hv=0,0
10:08:03 tp raw=0,3 out=0,0 hv=0,0
10:08:03 tp raw=-5,7 out=0,3 hv=0,0
10:08:03 tp raw=0,6 out=0,3 hv=0,0
10:08:03 tp raw=-7,5 out=-3,0 hv=0,0
10:08:03 tp raw=-4,4 out=0,0 hv=0,0
10:08:03 tp raw=-5,1 out=0,0 hv=0,0
10:08:03 tp raw=-1,2 out=0,0 hv=0,0
10:08:03 tp raw=-4,1 out=0,0 hv=0,0
10:08:03 tp raw=-2,4 out=0,0 hv=0,0
10:08:03 tp raw=-1,3 out=0,0 hv=0,0
10:08:03 tp raw=0,2 out=0,0 hv=0,0
10:08:03 tp raw=-2,0 out=0,0 hv=0,0
10:08:03 tp raw=-3,1 out=0,0 hv=0,0
10:08:03 tp raw=-2,2 out=0,0 hv=0,0
10:08:03 tp raw=-2,2 out=0,0 hv=0,0
10:08:03 tp raw=-5,5 out=0,0 hv=0,0
10:08:03 tp raw=0,1 out=0,0 hv=0,0
10:08:03 tp raw=0,2 out=0,0 hv=0,0
10:08:03 tp raw=0,3 out=0,0 hv=0,0
10:08:03 tp raw=-2,2 out=0,0 hv=0,0
10:08:03 tp raw=-5,1 out=0,0 hv=0,0
10:08:03 tp raw=-3,4 out=0,0 hv=0,0
10:08:03 tp raw=0,3 out=0,0 hv=0,0
10:08:03 tp raw=0,3 out=0,0 hv=0,0
10:08:03 tp raw=0,4 out=0,0 hv=0,0
10:08:03 tp raw=0,1 out=0,0 hv=0,0
10:08:03 tp raw=-5,7 out=0,3 hv=0,0
10:08:03 tp raw=-11,3 out=-5,0 hv=0,0
10:08:03 tp raw=-6,3 out=-3,0 hv=0,0
10:08:03 tp raw=0,5 out=0,0 hv=0,0
10:08:03 tp raw=0,2 out=0,0 hv=0,0
10:08:03 tp raw=0,2 out=0,0 hv=0,0
10:08:03 tp raw=0,1 out=0,0 hv=0,0
10:08:03 tp raw=-4,2 out=0,0 hv=0,0
10:08:03 tp raw=0,5 out=0,0 hv=0,0
10:08:03 tp raw=0,5 out=0,0 hv=0,0
10:08:03 tp raw=0,1 out=0,0 hv=0,0
10:08:03 tp raw=5,2 out=0,0 hv=0,0
10:08:03 tp raw=0,3 out=0,0 hv=0,0
10:08:03 tp raw=0,4 out=0,0 hv=0,0
10:08:03 tp raw=0,1 out=0,0 hv=0,0
10:08:03 tp raw=0,5 out=0,0 hv=0,0
10:08:03 tp raw=0,4 out=0,0 hv=0,0
10:08:03 tp raw=0,1 out=0,0 hv=0,0
10:08:03 tp raw=-7,2 out=-3,0 hv=0,0
10:08:03 tp raw=-3,1 out=0,0 hv=0,0
10:08:03 tp raw=-2,0 out=0,0 hv=0,0
10:08:03 tp raw=-1,7 out=0,3 hv=0,0
10:08:03 tp raw=0,2 out=0,0 hv=0,0
10:08:03 tp raw=0,1 out=0,0 hv=0,0
10:08:03 tp raw=-2,0 out=0,0 hv=0,0
10:08:03 tp raw=-4,5 out=0,0 hv=0,0
10:08:03 tp raw=2,13 out=0,7 hv=0,0
10:08:04 tp raw=0,5 out=0,0 hv=0,0
10:08:04 tp raw=-8,9 out=-4,4 hv=0,0
10:08:04 tp raw=-2,3 out=0,0 hv=0,0
10:08:04 tp raw=-4,2 out=0,0 hv=0,0
10:08:04 tp raw=0,1 out=0,0 hv=0,0
10:08:04 tp raw=-1,3 out=0,0 hv=0,0
10:08:04 tp raw=-2,4 out=0,0 hv=0,0
10:08:04 tp raw=0,1 out=0,0 hv=0,0
10:08:04 tp raw=-2,0 out=0,0 hv=0,0
10:08:04 tp raw=-1,5 out=0,0 hv=0,0
10:08:04 tp raw=-4,0 out=0,0 hv=0,0
10:08:04 tp raw=-3,4 out=0,0 hv=0,0
10:08:04 tp raw=-7,3 out=-3,0 hv=0,0
10:08:04 tp raw=-4,3 out=0,0 hv=0,0
10:08:04 tp raw=0,5 out=0,0 hv=0,0
10:08:04 tp raw=0,3 out=0,0 hv=0,0
10:08:04 tp raw=0,5 out=0,0 hv=0,0
10:08:04 tp raw=-1,4 out=0,0 hv=0,0
10:08:04 tp raw=-5,8 out=0,4 hv=0,0
10:08:04 tp raw=-6,3 out=-3,0 hv=0,0
10:08:04 tp raw=0,3 out=0,0 hv=0,0
10:08:04 tp raw=-3,5 out=0,0 hv=0,0
10:08:04 tp raw=-7,5 out=-3,0 hv=0,0
10:08:04 tp raw=-10,10 out=-5,5 hv=0,0
10:08:04 tp raw=-5,3 out=0,0 hv=0,0
10:08:04 tp raw=14,-1 out=8,0 hv=0,0
10:08:04 tp raw=12,-2 out=6,0 hv=0,0
10:08:04 tp raw=20,0 out=17,0 hv=0,0
10:08:04 tp raw=14,0 out=8,0 hv=0,0
10:08:04 tp raw=31,0 out=32,0 hv=0,0
10:08:04 tp raw=17,5 out=13,0 hv=0,0
10:08:04 tp raw=21,2 out=18,0 hv=0,0
10:08:04 tp raw=13,1 out=7,0 hv=0,0
10:08:04 tp raw=19,4 out=15,0 hv=0,0
10:08:04 tp raw=34,6 out=36,3 hv=0,0
10:08:04 tp raw=16,3 out=11,0 hv=0,0
10:08:04 tp raw=10,2 out=5,0 hv=0,0
10:08:04 tp raw=14,3 out=8,0 hv=0,0
10:08:04 tp raw=24,5 out=22,0 hv=0,0
10:08:04 tp raw=10,2 out=5,0 hv=0,0
10:08:04 tp raw=21,0 out=18,0 hv=0,0
10:08:04 tp raw=17,2 out=13,0 hv=0,0
10:08:04 tp raw=44,6 out=50,3 hv=0,0
10:08:04 tp raw=21,5 out=18,0 hv=0,0
10:08:04 tp raw=20,5 out=17,0 hv=0,0
10:08:04 tp raw=12,3 out=6,0 hv=0,0
10:08:04 tp raw=14,2 out=8,0 hv=0,0
10:08:04 tp raw=14,2 out=8,0 hv=0,0
10:08:04 tp raw=29,1 out=29,0 hv=0,0
10:08:04 tp raw=12,2 out=6,0 hv=0,0
10:08:04 tp raw=10,2 out=5,0 hv=0,0
10:08:04 tp raw=7,3 out=3,0 hv=0,0
10:08:04 tp raw=15,1 out=10,0 hv=0,0
10:08:04 tp raw=28,4 out=28,0 hv=0,0
10:08:04 tp raw=10,1 out=5,0 hv=0,0
10:08:04 tp raw=10,5 out=5,0 hv=0,0
10:08:04 tp raw=7,4 out=3,0 hv=0,0
10:08:04 tp raw=16,1 out=11,0 hv=0,0
10:08:04 tp raw=7,0 out=3,0 hv=0,0
10:08:04 tp raw=6,0 out=3,0 hv=0,0
10:08:04 tp raw=4,4 out=0,0 hv=0,0
10:08:04 tp raw=10,1 out=5,0 hv=0,0
10:08:04 tp raw=4,0 out=0,0 hv=0,0
10:08:05 tp raw=3,0 out=0,0 hv=0,0
10:08:05 tp raw=3,0 out=0,0 hv=0,0
10:08:05 tp raw=12,2 out=6,0 hv=0,0
10:08:05 tp raw=7,0 out=3,0 hv=0,0
10:08:05 tp raw=2,0 out=0,0 hv=0,0
10:08:05 tp raw=12,0 out=6,0 hv=0,0
10:08:05 tp raw=3,0 out=0,0 hv=0,0
10:08:05 tp raw=4,0 out=0,0 hv=0,0
10:08:05 tp raw=5,-8 out=0,-4 hv=0,0
10:08:05 tp raw=3,-2 out=0,0 hv=0,0
10:08:05 tp raw=5,0 out=0,0 hv=0,0
10:08:05 tp raw=4,-2 out=0,0 hv=0,0
10:08:05 tp raw=7,-1 out=3,0 hv=0,0
10:08:05 tp raw=12,0 out=6,0 hv=0,0
10:08:05 tp raw=3,0 out=0,0 hv=0,0
10:08:05 tp raw=5,0 out=0,0 hv=0,0
10:08:05 tp raw=5,0 out=0,0 hv=0,0
10:08:05 tp raw=6,0 out=3,0 hv=0,0
10:08:05 tp raw=5,0 out=0,0 hv=0,0
10:08:05 tp raw=10,0 out=5,0 hv=0,0
10:08:05 tp raw=3,0 out=0,0 hv=0,0
10:08:05 tp raw=2,0 out=0,0 hv=0,0
10:08:05 tp raw=2,-4 out=0,0 hv=0,0
10:08:05 tp raw=5,-1 out=0,0 hv=0,0
10:08:05 tp raw=2,0 out=0,0 hv=0,0
10:08:05 tp raw=5,0 out=0,0 hv=0,0
10:08:05 tp raw=3,-2 out=0,0 hv=0,0
10:08:05 tp raw=4,0 out=0,0 hv=0,0
10:08:05 tp raw=1,0 out=0,0 hv=0,0
10:08:05 tp raw=12,-2 out=6,0 hv=0,0
10:08:05 tp raw=12,0 out=6,0 hv=0,0
10:08:05 tp raw=21,0 out=18,0 hv=0,0
10:08:05 tp raw=22,0 out=20,0 hv=0,0
10:08:05 tp raw=7,-1 out=3,0 hv=0,0
10:08:05 tp raw=14,-2 out=8,0 hv=0,0
10:08:05 tp raw=5,5 out=0,0 hv=0,0
10:08:05 tp raw=3,2 out=0,0 hv=0,0
10:08:05 tp raw=5,0 out=0,0 hv=0,0
10:08:05 tp raw=11,0 out=5,0 hv=0,0
10:08:05 tp raw=15,-5 out=10,0 hv=0,0
10:08:05 tp raw=4,0 out=0,0 hv=0,0
10:08:05 tp raw=12,0 out=6,0 hv=0,0
10:08:05 tp raw=8,0 out=4,0 hv=0,0
10:08:05 tp raw=7,0 out=3,0 hv=0,0
10:08:05 tp raw=10,0 out=5,0 hv=0,0
10:08:05 tp raw=9,0 out=4,0 hv=0,0
10:08:05 tp raw=12,0 out=6,0 hv=0,0
10:08:05 tp raw=8,-2 out=4,0 hv=0,0
10:08:05 tp raw=17,-3 out=13,0 hv=0,0
10:08:05 tp raw=6,-2 out=3,0 hv=0,0
10:08:05 tp raw=5,-1 out=0,0 hv=0,0
10:08:05 tp raw=3,-2 out=0,0 hv=0,0
10:08:05 tp raw=5,-2 out=0,0 hv=0,0
10:08:05 tp raw=12,-1 out=6,0 hv=0,0
10:08:05 tp raw=2,-2 out=0,0 hv=0,0
10:08:05 tp raw=9,0 out=4,0 hv=0,0
10:08:05 tp raw=20,-3 out=17,0 hv=0,0
10:08:05 tp raw=16,-5 out=11,0 hv=0,0
10:08:05 tp raw=10,0 out=5,0 hv=0,0
10:08:05 tp raw=3,-2 out=0,0 hv=0,0
10:08:05 tp raw=7,0 out=3,0 hv=0,0
10:08:05 tp raw=5,0 out=0,0 hv=0,0
10:08:05 tp raw=4,-1 out=0,0 hv=0,0
10:08:05 tp raw=10,0 out=5,0 hv=0,0
10:08:05 tp raw=2,0 out=0,0 hv=0,0
10:08:05 tp raw=1,0 out=0,0 hv=0,0
10:08:05 tp raw=2,0 out=0,0 hv=0,0
10:08:05 tp raw=2,0 out=0,0 hv=0,0
10:08:05 tp raw=2,0 out=0,0 hv=0,0
10:08:05 tp raw=5,0 out=0,0 hv=0,0
10:08:05 tp raw=3,0 out=0,0 hv=0,0
10:08:05 tp raw=4,0 out=0,0 hv=0,0
10:08:05 tp raw=1,0 out=0,0 hv=0,0
10:08:05 tp raw=4,0 out=0,0 hv=0,0
10:08:05 tp raw=3,0 out=0,0 hv=0,0
10:08:05 tp raw=2,0 out=0,0 hv=0,0
10:08:05 tp raw=3,0 out=0,0 hv=0,0
10:08:05 tp raw=10,0 out=5,0 hv=0,0
10:08:05 tp raw=7,0 out=3,0 hv=0,0
10:08:05 tp raw=5,0 out=0,0 hv=0,0
10:08:05 tp raw=11,0 out=5,0 hv=0,0
10:08:05 tp raw=1,0 out=0,0 hv=0,0
10:08:05 tp raw=4,0 out=0,0 hv=0,0
10:08:05 tp raw=3,0 out=0,0 hv=0,0
10:08:05 tp raw=4,0 out=0,0 hv=0,0
10:08:05 tp raw=3,0 out=0,0 hv=0,0
10:08:05 tp raw=4,4 out=0,0 hv=0,0
10:08:05 tp raw=1,0 out=0,0 hv=0,0
10:08:05 tp raw=4,0 out=0,0 hv=0,0
10:08:05 tp raw=3,0 out=0,0 hv=0,0
10:08:05 tp raw=4,0 out=0,0 hv=0,0
10:08:05 tp raw=1,0 out=0,0 hv=0,0
10:08:05 tp raw=2,0 out=0,0 hv=0,0
10:08:05 tp raw=2,0 out=0,0 hv=0,0
10:08:05 tp raw=0,-4 out=0,0 hv=0,0
10:08:05 tp raw=1,0 out=0,0 hv=0,0
10:08:05 tp raw=4,0 out=0,0 hv=0,0
10:08:05 tp raw=2,-2 out=0,0 hv=0,0
10:08:05 tp raw=5,0 out=0,0 hv=0,0
10:08:05 tp raw=3,0 out=0,0 hv=0,0
10:08:05 tp raw=4,0 out=0,0 hv=0,0
10:08:05 tp raw=3,0 out=0,0 hv=0,0
10:08:05 tp raw=2,0 out=0,0 hv=0,0
10:08:05 tp raw=0,-2 out=0,0 hv=0,0
10:08:05 tp raw=3,0 out=0,0 hv=0,0
10:08:05 tp raw=7,0 out=3,0 hv=0,0
10:08:05 tp raw=3,0 out=0,0 hv=0,0
10:08:05 tp raw=4,0 out=0,0 hv=0,0
10:08:05 tp raw=2,0 out=0,0 hv=0,0
10:08:05 tp raw=0,5 out=0,0 hv=0,0
10:08:05 tp raw=3,0 out=0,0 hv=0,0
10:08:05 tp raw=2,0 out=0,0 hv=0,0
10:08:05 tp raw=0,2 out=0,0 hv=0,0
10:08:05 tp raw=1,0 out=0,0 hv=0,0
10:08:05 tp raw=2,0 out=0,0 hv=0,0
10:08:05 tp raw=2,0 out=0,0 hv=0,0
10:08:05 tp raw=3,0 out=0,0 hv=0,0
10:08:05 tp raw=2,0 out=0,0 hv=0,0
10:08:05 tp raw=7,0 out=3,0 hv=0,0
10:08:05 tp raw=2,1 out=0,0 hv=0,0
10:08:05 tp raw=3,2 out=0,0 hv=0,0
10:08:05 tp raw=12,0 out=6,0 hv=0,0
10:08:05 tp raw=7,2 out=3,0 hv=0,0
10:08:05 tp raw=3,1 out=0,0 hv=0,0
10:08:05 tp raw=2,2 out=0,0 hv=0,0
10:08:05 tp raw=0,2 out=0,0 hv=0,0
10:08:05 tp raw=0,3 out=0,0 hv=0,0
10:08:05 tp raw=0,-5 out=0,0 hv=0,0
10:08:05 tp raw=2,0 out=0,0 hv=0,0
10:08:05 tp raw=0,5 out=0,0 hv=0,0
10:08:05 tp raw=0,2 out=0,0 hv=0,0
10:08:05 tp raw=1,0 out=0,0 hv=0,0
10:08:05 tp raw=-6,0 out=-3,0 hv=0,0
10:08:05 tp raw=-2,0 out=0,0 hv=0,0
10:08:05 tp raw=5,1 out=0,0 hv=0,0
10:08:06 tp raw=-10,2 out=-5,0 hv=0,0
10:08:06 tp raw=-8,3 out=-4,0 hv=0,0
10:08:06 tp raw=-16,2 out=-11,0 hv=0,0
10:08:06 tp raw=-31,8 out=-32,4 hv=0,0
10:08:06 tp raw=-15,3 out=-10,0 hv=0,0
10:08:06 tp raw=-17,3 out=-13,0 hv=0,0
10:08:06 tp raw=-16,2 out=-11,0 hv=0,0
10:08:06 tp raw=-15,2 out=-10,0 hv=0,0
10:08:06 tp raw=-50,3 out=-59,0 hv=0,0
10:08:06 tp raw=-15,0 out=-10,0 hv=0,0
10:08:06 tp raw=-29,3 out=-29,0 hv=0,0
10:08:06 tp raw=-70,2 out=-87,0 hv=0,0
10:08:06 tp raw=-33,0 out=-35,0 hv=0,0
10:08:06 tp raw=-31,0 out=-32,0 hv=0,0
10:08:06 tp raw=-15,0 out=-10,0 hv=0,0
10:08:06 tp raw=-14,2 out=-8,0 hv=0,0
10:08:06 tp raw=-22,0 out=-20,0 hv=0,0
10:08:06 tp raw=-33,1 out=-35,0 hv=0,0
10:08:06 tp raw=-13,0 out=-7,0 hv=0,0
10:08:06 tp raw=-14,0 out=-8,0 hv=0,0
10:08:06 tp raw=-12,0 out=-6,0 hv=0,0
10:08:06 tp raw=-16,0 out=-11,0 hv=0,0
10:08:06 tp raw=-22,2 out=-20,0 hv=0,0
10:08:06 tp raw=-14,0 out=-8,0 hv=0,0
10:08:06 tp raw=-12,0 out=-6,0 hv=0,0
10:08:06 tp raw=-12,0 out=-6,0 hv=0,0
10:08:06 tp raw=-17,0 out=-13,0 hv=0,0
10:08:06 tp raw=-7,0 out=-3,0 hv=0,0
10:08:06 tp raw=-10,-5 out=-5,0 hv=0,0
10:08:06 tp raw=-12,0 out=-6,0 hv=0,0
10:08:06 tp raw=-17,-2 out=-13,0 hv=0,0
10:08:06 tp raw=-10,0 out=-5,0 hv=0,0
10:08:06 tp raw=-7,0 out=-3,0 hv=0,0
10:08:06 tp raw=-9,0 out=-4,0 hv=0,0
10:08:06 tp raw=-18,0 out=-14,0 hv=0,0
10:08:06 tp raw=-35,-3 out=-38,0 hv=0,0
10:08:06 tp raw=-25,-3 out=-24,0 hv=0,0
10:08:06 tp raw=-24,-2 out=-22,0 hv=0,0
10:08:06 tp raw=-35,-2 out=-38,0 hv=0,0
10:08:06 tp raw=-8,0 out=-4,0 hv=0,0
10:08:06 tp raw=-24,0 out=-22,0 hv=0,0
10:08:06 tp raw=-10,0 out=-5,0 hv=0,0
10:08:06 tp raw=-12,0 out=-6,0 hv=0,0
10:08:06 tp raw=-12,0 out=-6,0 hv=0,0
10:08:06 tp raw=-18,0 out=-14,0 hv=0,0
10:08:06 tp raw=-6,0 out=-3,0 hv=0,0
10:08:06 tp raw=-9,0 out=-4,0 hv=0,0
10:08:06 tp raw=-7,0 out=-3,0 hv=0,0
10:08:06 tp raw=-7,0 out=-3,0 hv=0,0
10:08:06 tp raw=-8,7 out=-4,3 hv=0,0
10:08:06 tp raw=-9,0 out=-4,0 hv=0,0
10:08:06 tp raw=-7,0 out=-3,0 hv=0,0
10:08:06 tp raw=-7,0 out=-3,0 hv=0,0
10:08:06 tp raw=-5,0 out=0,0 hv=0,0
10:08:06 tp raw=-17,0 out=-13,0 hv=0,0
10:08:06 tp raw=-8,0 out=-4,0 hv=0,0
10:08:06 tp raw=-7,2 out=-3,0 hv=0,0
10:08:06 tp raw=-7,0 out=-3,0 hv=0,0
10:08:06 tp raw=-5,0 out=0,0 hv=0,0
10:08:06 tp raw=-14,0 out=-8,0 hv=0,0
10:08:06 tp raw=-17,1 out=-13,0 hv=0,0
10:08:06 tp raw=-9,2 out=-4,0 hv=0,0
10:08:06 tp raw=-6,2 out=-3,0 hv=0,0
10:08:06 tp raw=-26,0 out=-25,0 hv=0,0
10:08:06 tp raw=-29,-10 out=-29,-5 hv=0,0
10:08:06 tp raw=-14,-4 out=-8,0 hv=0,0
10:08:06 tp raw=-8,0 out=-4,0 hv=0,0
10:08:06 tp raw=-7,-1 out=-3,0 hv=0,0
10:08:06 tp raw=-7,0 out=-3,0 hv=0,0
10:08:06 tp raw=-5,0 out=0,0 hv=0,0
10:08:06 tp raw=-12,-4 out=-6,0 hv=0,0
10:08:06 tp raw=-9,-3 out=-4,0 hv=0,0
10:08:06 tp raw=-5,-2 out=0,0 hv=0,0
10:08:06 tp raw=-10,0 out=-5,0 hv=0,0
10:08:06 tp raw=-9,-1 out=-4,0 hv=0,0
10:08:06 tp raw=5,0 out=0,0 hv=0,0
10:08:06 tp raw=-5,-2 out=0,0 hv=0,0
10:08:06 tp raw=-5,0 out=0,0 hv=0,0
10:08:06 tp raw=-2,0 out=0,0 hv=0,0
10:08:06 tp raw=-1,5 out=0,0 hv=0,0
10:08:06 tp raw=-6,0 out=-3,0 hv=0,0
10:08:06 tp raw=-5,0 out=0,0 hv=0,0
10:08:06 tp raw=-10,0 out=-5,0 hv=0,0
10:08:06 tp raw=0,2 out=0,0 hv=0,0
10:08:06 tp raw=-5,3 out=0,0 hv=0,0
10:08:06 tp raw=-4,2 out=0,0 hv=0,0
10:08:06 tp raw=-3,1 out=0,0 hv=0,0
10:08:06 tp raw=-3,4 out=0,0 hv=0,0
10:08:06 tp raw=-18,5 out=-14,0 hv=0,0
10:08:06 tp raw=-1,3 out=0,0 hv=0,0
10:08:06 tp raw=0,2 out=0,0 hv=0,0
10:08:06 tp raw=-2,0 out=0,0 hv=0,0
10:08:06 tp raw=-2,0 out=0,0 hv=0,0
10:08:06 tp raw=7,0 out=3,0 hv=0,0
10:08:06 tp raw=4,0 out=0,0 hv=0,0
10:08:06 tp raw=6,0 out=3,0 hv=0,0
10:08:06 tp raw=2,-5 out=0,0 hv=0,0
10:08:06 tp raw=4,-2 out=0,0 hv=0,0
10:08:06 tp raw=1,0 out=0,0 hv=0,0
10:08:06 tp raw=4,0 out=0,0 hv=0,0
10:08:06 tp raw=1,0 out=0,0 hv=0,0
10:08:06 tp raw=4,0 out=0,0 hv=0,0
10:08:06 tp raw=2,0 out=0,0 hv=0,0
10:08:06 tp raw=1,5 out=0,0 hv=0,0
10:08:06 tp raw=2,2 out=0,0 hv=0,0
10:08:06 tp raw=2,0 out=0,0 hv=0,0
10:08:06 tp raw=3,1 out=0,0 hv=0,0
10:08:06 tp raw=4,2 out=0,0 hv=0,0
10:08:06 tp raw=10,1 out=5,0 hv=0,0
10:08:06 tp raw=8,0 out=4,0 hv=0,0
10:08:06 tp raw=6,0 out=3,0 hv=0,0
10:08:06 tp raw=5,-4 out=0,0 hv=0,0
10:08:06 tp raw=3,0 out=0,0 hv=0,0
10:08:06 tp raw=16,0 out=11,0 hv=0,0
10:08:06 tp raw=13,-2 out=7,0 hv=0,0
10:08:06 tp raw=17,-2 out=13,0 hv=0,0
10:08:06 tp raw=16,-1 out=11,0 hv=0,0
10:08:06 tp raw=25,0 out=24,0 hv=0,0
10:08:06 tp raw=12,-2 out=6,0 hv=0,0
10:08:06 tp raw=12,-2 out=6,0 hv=0,0
10:08:06 tp raw=12,-1 out=6,0 hv=0,0
10:08:06 tp raw=16,0 out=11,0 hv=0,0
10:08:06 tp raw=24,0 out=22,0 hv=0,0
10:08:06 tp raw=8,0 out=4,0 hv=0,0
10:08:06 tp raw=11,0 out=5,0 hv=0,0
10:08:06 tp raw=7,0 out=3,0 hv=0,0
10:08:06 tp raw=13,0 out=7,0 hv=0,0
10:08:06 tp raw=22,0 out=20,0 hv=0,0
10:08:06 tp raw=9,-2 out=4,0 hv=0,0
10:08:06 tp raw=19,0 out=15,0 hv=0,0
10:08:06 tp raw=8,0 out=4,0 hv=0,0
10:08:06 tp raw=18,0 out=14,0 hv=0,0
10:08:06 tp raw=15,0 out=10,0 hv=0,0
10:08:06 tp raw=24,0 out=22,0 hv=0,0
10:08:06 tp raw=19,7 out=15,3 hv=0,0
10:08:06 tp raw=7,0 out=3,0 hv=0,0
10:08:06 tp raw=12,0 out=6,0 hv=0,0
10:08:06 tp raw=12,0 out=6,0 hv=0,0
10:08:06 tp raw=20,0 out=17,0 hv=0,0
10:08:06 tp raw=10,1 out=5,0 hv=0,0
10:08:06 tp raw=7,0 out=3,0 hv=0,0
10:08:06 tp raw=14,0 out=8,0 hv=0,0
10:08:06 tp raw=15,0 out=10,0 hv=0,0
10:08:06 tp raw=19,2 out=15,0 hv=0,0
10:08:06 tp raw=9,0 out=4,0 hv=0,0
10:08:06 tp raw=7,2 out=3,0 hv=0,0
10:08:06 tp raw=8,0 out=4,0 hv=0,0
10:08:06 tp raw=21,3 out=18,0 hv=0,0
10:08:06 tp raw=8,0 out=4,0 hv=0,0
10:08:06 tp raw=9,1 out=4,0 hv=0,0
10:08:06 tp raw=5,0 out=0,0 hv=0,0
10:08:06 tp raw=14,4 out=8,0 hv=0,0
10:08:06 tp raw=8,3 out=4,0 hv=0,0
10:08:06 tp raw=7,2 out=3,0 hv=0,0
10:08:06 tp raw=7,1 out=3,0 hv=0,0
10:08:06 tp raw=14,5 out=8,0 hv=0,0
10:08:06 tp raw=3,0 out=0,0 hv=0,0
10:08:06 tp raw=4,2 out=0,0 hv=0,0
10:08:06 tp raw=8,6 out=4,3 hv=0,0
10:08:06 tp raw=10,7 out=5,3 hv=0,0
10:08:06 tp raw=12,3 out=6,0 hv=0,0
10:08:06 tp raw=4,0 out=0,0 hv=0,0
10:08:06 tp raw=3,0 out=0,0 hv=0,0
10:08:06 tp raw=2,0 out=0,0 hv=0,0
10:08:06 tp raw=0,2 out=0,0 hv=0,0
10:08:06 tp raw=2,2 out=0,0 hv=0,0
10:08:06 tp raw=3,1 out=0,0 hv=0,0
10:08:06 tp raw=2,2 out=0,0 hv=0,0
10:08:06 tp raw=7,5 out=3,0 hv=0,0
10:08:06 tp raw=7,0 out=3,0 hv=0,0
10:08:06 tp raw=1,0 out=0,0 hv=0,0
10:08:06 tp raw=0,1 out=0,0 hv=0,0
10:08:06 tp raw=4,0 out=0,0 hv=0,0
10:08:06 tp raw=3,2 out=0,0 hv=0,0
10:08:06 tp raw=5,2 out=0,0 hv=0,0
10:08:06 tp raw=0,1 out=0,0 hv=0,0
10:08:06 tp raw=0,2 out=0,0 hv=0,0
10:08:06 tp raw=0,2 out=0,0 hv=0,0
10:08:06 tp raw=2,0 out=0,0 hv=0,0
10:08:06 tp raw=7,1 out=3,0 hv=0,0
10:08:06 tp raw=-9,4 out=-4,0 hv=0,0
10:08:06 tp raw=-1,1 out=0,0 hv=0,0
10:08:06 tp raw=0,4 out=0,0 hv=0,0
10:08:07 tp raw=0,1 out=0,0 hv=0,0
10:08:07 tp raw=-2,0 out=0,0 hv=0,0
10:08:07 tp raw=7,0 out=3,0 hv=0,0
10:08:07 tp raw=1,0 out=0,0 hv=0,0
10:08:07 tp raw=2,2 out=0,0 hv=0,0
10:08:07 tp raw=5,5 out=0,0 hv=0,0
10:08:07 tp raw=4,0 out=0,0 hv=0,0
10:08:07 tp raw=1,1 out=0,0 hv=0,0
10:08:07 tp raw=2,4 out=0,0 hv=0,0
10:08:07 tp raw=4,1 out=0,0 hv=0,0
10:08:07 tp raw=6,4 out=3,0 hv=0,0
10:08:07 tp raw=2,3 out=0,0 hv=0,0
10:08:07 tp raw=2,2 out=0,0 hv=0,0
10:08:07 tp raw=2,1 out=0,0 hv=0,0
10:08:07 tp raw=0,2 out=0,0 hv=0,0
10:08:07 tp raw=0,2 out=0,0 hv=0,0
10:08:07 tp raw=0,1 out=0,0 hv=0,0
10:08:07 tp raw=0,2 out=0,0 hv=0,0
10:08:07 tp raw=-7,1 out=-3,0 hv=0,0
10:08:07 tp raw=8,0 out=4,0 hv=0,0
10:08:07 tp raw=2,0 out=0,0 hv=0,0
10:08:07 tp raw=0,-4 out=0,0 hv=0,0
10:08:07 tp raw=-9,0 out=-4,0 hv=0,0
10:08:07 tp raw=-1,0 out=0,0 hv=0,0
10:08:07 tp raw=-2,0 out=0,0 hv=0,0
10:08:07 tp raw=-3,0 out=0,0 hv=0,0
10:08:07 tp raw=-2,4 out=0,0 hv=0,0
10:08:07 tp raw=48,-29 out=56,-29 hv=0,0
10:08:07 tp raw=17,-10 out=13,-5 hv=0,0
10:08:07 tp raw=12,-10 out=6,-5 hv=0,0
10:08:07 tp raw=20,-13 out=17,-7 hv=0,0
10:08:07 tp raw=21,-15 out=18,-10 hv=0,0
10:08:07 tp raw=60,-30 out=73,-31 hv=0,0
10:08:07 tp raw=22,-9 out=20,-4 hv=0,0
10:08:07 tp raw=22,-15 out=20,-10 hv=0,0
10:08:07 tp raw=52,-31 out=62,-32 hv=0,0
10:08:07 tp raw=19,-15 out=15,-10 hv=0,0
10:08:07 tp raw=24,-20 out=22,-17 hv=0,0
10:08:07 tp raw=27,-20 out=27,-17 hv=0,0
10:08:07 tp raw=39,-29 out=43,-29 hv=0,0
10:08:07 tp raw=19,-18 out=15,-14 hv=0,0
10:08:07 tp raw=17,-15 out=13,-10 hv=0,0
10:08:07 tp raw=16,-15 out=11,-10 hv=0,0
10:08:07 tp raw=10,-12 out=5,-6 hv=0,0
10:08:07 tp raw=21,-23 out=18,-21 hv=0,0
10:08:07 tp raw=10,-11 out=5,-5 hv=0,0
10:08:07 tp raw=12,-10 out=6,-5 hv=0,0
10:08:07 tp raw=8,-12 out=4,-6 hv=0,0
10:08:07 tp raw=6,-11 out=3,-5 hv=0,0
10:08:07 tp raw=25,-39 out=24,-43 hv=0,0
10:08:07 tp raw=12,-14 out=6,-8 hv=0,0
10:08:07 tp raw=17,-23 out=13,-21 hv=0,0
10:08:07 tp raw=33,-36 out=35,-39 hv=0,0
10:08:07 tp raw=8,-11 out=4,-5 hv=0,0
10:08:07 tp raw=6,-10 out=3,-5 hv=0,0
10:08:07 tp raw=1,-4 out=0,0 hv=0,0
10:08:07 tp raw=2,-4 out=0,0 hv=0,0
10:08:07 tp raw=3,-4 out=0,0 hv=0,0
10:08:07 tp raw=2,-1 out=0,0 hv=0,0
10:08:07 tp raw=0,-4 out=0,0 hv=0,0
10:08:07 tp raw=0,-3 out=0,0 hv=0,0
10:08:07 tp raw=0,-3 out=0,0 hv=0,0
10:08:07 tp raw=0,-4 out=0,0 hv=0,0
10:08:07 tp raw=2,-3 out=0,0 hv=0,0
10:08:07 tp raw=0,-3 out=0,0 hv=0,0
10:08:07 tp raw=0,-5 out=0,0 hv=0,0
10:08:07 tp raw=0,-5 out=0,0 hv=0,0
10:08:07 tp raw=0,-5 out=0,0 hv=0,0
10:08:07 tp raw=0,-3 out=0,0 hv=0,0
10:08:07 tp raw=0,-5 out=0,0 hv=0,0
10:08:07 tp raw=0,-5 out=0,0 hv=0,0
10:08:07 tp raw=0,-15 out=0,-10 hv=0,0
10:08:07 tp raw=2,-8 out=0,-4 hv=0,0
10:08:07 tp raw=0,-10 out=0,-5 hv=0,0
10:08:07 tp raw=1,-8 out=0,-4 hv=0,0
10:08:07 tp raw=2,-18 out=0,-14 hv=0,0
10:08:07 tp raw=3,-23 out=0,-21 hv=0,0
10:08:07 tp raw=0,-15 out=0,-10 hv=0,0
10:08:07 tp raw=-6,-35 out=-3,-38 hv=0,0
10:08:07 tp raw=-7,-62 out=-3,-76 hv=0,0
10:08:07 tp raw=-2,-46 out=0,-53 hv=0,0
10:08:07 tp raw=0,-17 out=0,-13 hv=0,0
10:08:07 tp raw=-3,-14 out=0,-8 hv=0,0
10:08:07 tp raw=-4,-17 out=0,-13 hv=0,0
10:08:07 tp raw=-8,-33 out=-4,-35 hv=0,0
10:08:07 tp raw=-7,-15 out=-3,-10 hv=0,0
10:08:07 tp raw=-4,-14 out=0,-8 hv=0,0
10:08:07 tp raw=-5,-14 out=0,-8 hv=0,0
10:08:07 tp raw=-5,-16 out=0,-11 hv=0,0
10:08:07 tp raw=-12,-36 out=-6,-39 hv=0,0
10:08:07 tp raw=-14,-27 out=-8,-27 hv=0,0
10:08:07 tp raw=-8,-19 out=-4,-15 hv=0,0
10:08:07 tp raw=-9,-17 out=-4,-13 hv=0,0
10:08:07 tp raw=-22,-34 out=-20,-36 hv=0,0
10:08:07 tp raw=-10,-20 out=-5,-17 hv=0,0
10:08:07 tp raw=-14,-15 out=-8,-10 hv=0,0
10:08:07 tp raw=-14,-18 out=-8,-14 hv=0,0
10:08:07 tp raw=-27,-38 out=-27,-42 hv=0,0
10:08:07 tp raw=-10,-18 out=-5,-14 hv=0,0
10:08:07 tp raw=-12,-16 out=-6,-11 hv=0,0
10:08:07 tp raw=-9,-15 out=-4,-10 hv=0,0
10:08:07 tp raw=-21,-31 out=-18,-32 hv=0,0
10:08:07 tp raw=-15,-22 out=-10,-20 hv=0,0
10:08:07 tp raw=-7,-16 out=-3,-11 hv=0,0
10:08:07 tp raw=-25,-28 out=-24,-28 hv=0,0
10:08:07 tp raw=-45,-56 out=-52,-67 hv=0,0
10:08:07 tp raw=-36,-39 out=-39,-43 hv=0,0
10:08:07 tp raw=-10,-17 out=-5,-13 hv=0,0
10:08:07 tp raw=-7,-11 out=-3,-5 hv=0,0
10:08:07 tp raw=-9,-19 out=-4,-15 hv=0,0
10:08:07 tp raw=-20,-31 out=-17,-32 hv=0,0
10:08:07 tp raw=-12,-18 out=-6,-14 hv=0,0
10:08:07 tp raw=-10,-15 out=-5,-10 hv=0,0
10:08:07 tp raw=-12,-16 out=-6,-11 hv=0,0
10:08:07 tp raw=-31,-30 out=-32,-31 hv=0,0
10:08:07 tp raw=-17,-16 out=-13,-11 hv=0,0
10:08:07 tp raw=-14,-15 out=-8,-10 hv=0,0
10:08:07 tp raw=-12,-13 out=-6,-7 hv=0,0
10:08:07 tp raw=-26,-25 out=-25,-24 hv=0,0
10:08:07 tp raw=-12,-8 out=-6,-4 hv=0,0
10:08:07 tp raw=-10,-12 out=-5,-6 hv=0,0
10:08:07 tp raw=-12,-9 out=-6,-4 hv=0,0
10:08:07 tp raw=-17,-15 out=-13,-10 hv=0,0
10:08:07 tp raw=-5,-10 out=0,-5 hv=0,0
10:08:08 tp raw=-9,-7 out=-4,-3 hv=0,0
10:08:08 tp raw=-8,-8 out=-4,-4 hv=0,0
10:08:08 tp raw=-18,-11 out=-14,-5 hv=0,0
10:08:08 tp raw=-6,-4 out=-3,0 hv=0,0
10:08:08 tp raw=-12,-11 out=-6,-5 hv=0,0
10:08:08 tp raw=-9,-7 out=-4,-3 hv=0,0
10:08:08 tp raw=-9,-5 out=-4,0 hv=0,0
10:08:08 tp raw=-12,-6 out=-6,-3 hv=0,0
10:08:08 tp raw=-8,-5 out=-4,0 hv=0,0
10:08:08 tp raw=-2,-2 out=0,0 hv=0,0
10:08:08 tp raw=-5,-2 out=0,0 hv=0,0
10:08:08 tp raw=-2,0 out=0,0 hv=0,0
10:08:08 tp raw=-1,0 out=0,0 hv=0,0
10:08:08 tp raw=-2,0 out=0,0 hv=0,0
10:08:08 tp raw=0,5 out=0,0 hv=0,0
10:08:08 tp raw=-4,4 out=0,0 hv=0,0
10:08:08 tp raw=-3,3 out=0,0 hv=0,0
10:08:08 tp raw=-2,7 out=0,3 hv=0,0
10:08:08 tp raw=-1,3 out=0,0 hv=0,0
10:08:08 tp raw=0,3 out=0,0 hv=0,0
10:08:08 tp raw=0,5 out=0,0 hv=0,0
10:08:08 tp raw=0,5 out=0,0 hv=0,0
10:08:08 tp raw=0,3 out=0,0 hv=0,0
10:08:08 tp raw=0,5 out=0,0 hv=0,0
10:08:08 tp raw=-2,4 out=0,0 hv=0,0
10:08:08 tp raw=-4,9 out=0,4 hv=0,0
10:08:08 tp raw=0,4 out=0,0 hv=0,0
10:08:08 tp raw=-1,5 out=0,0 hv=0,0
10:08:08 tp raw=-5,3 out=0,0 hv=0,0
10:08:08 tp raw=-19,23 out=-15,21 hv=0,0
10:08:08 tp raw=-4,7 out=0,3 hv=0,0
10:08:08 tp raw=-20,11 out=-17,5 hv=0,0
10:08:08 tp raw=-28,25 out=-28,24 hv=0,0
10:08:08 tp raw=-24,18 out=-22,14 hv=0,0
10:08:08 tp raw=-8,5 out=-4,0 hv=0,0
10:08:08 tp raw=-17,13 out=-13,7 hv=0,0
10:08:08 tp raw=-7,8 out=-3,4 hv=0,0
10:08:08 tp raw=-4,5 out=0,0 hv=0,0
10:08:08 tp raw=-3,7 out=0,3 hv=0,0
10:08:08 tp raw=-7,9 out=-3,4 hv=0,0
10:08:08 tp raw=-3,9 out=0,4 hv=0,0
10:08:08 tp raw=-5,6 out=0,3 hv=0,0
10:08:08 tp raw=-4,7 out=0,3 hv=0,0
10:08:08 tp raw=-2,6 out=0,3 hv=0,0
10:08:08 tp raw=-3,9 out=0,4 hv=0,0
10:08:08 tp raw=-5,6 out=0,3 hv=0,0
10:08:08 tp raw=-4,8 out=0,4 hv=0,0
10:08:08 tp raw=-5,7 out=0,3 hv=0,0
10:08:08 tp raw=-3,7 out=0,3 hv=0,0
10:08:08 tp raw=-7,13 out=-3,7 hv=0,0
10:08:08 tp raw=-2,8 out=0,4 hv=0,0
10:08:08 tp raw=-3,12 out=0,6 hv=0,0
10:08:08 tp raw=-3,6 out=0,3 hv=0,0
10:08:08 tp raw=-6,8 out=-3,4 hv=0,0
10:08:08 tp raw=-3,18 out=0,14 hv=0,0
10:08:08 tp raw=-3,15 out=0,10 hv=0,0
10:08:08 tp raw=-4,5 out=0,0 hv=0,0
10:08:08 tp raw=-2,15 out=0,10 hv=0,0
10:08:08 tp raw=-1,31 out=0,32 hv=0,0
10:08:08 tp raw=-7,12 out=-3,6 hv=0,0
10:08:08 tp raw=-4,11 out=0,5 hv=0,0
10:08:08 tp raw=0,5 out=0,0 hv=0,0
10:08:08 tp raw=-1,8 out=0,4 hv=0,0
10:08:08 tp raw=0,7 out=0,3 hv=0,0
10:08:08 tp raw=-5,15 out=0,10 hv=0,0
10:08:08 tp raw=-2,8 out=0,4 hv=0,0
10:08:08 tp raw=0,7 out=0,3 hv=0,0
10:08:08 tp raw=-2,6 out=0,3 hv=0,0
10:08:08 tp raw=-2,5 out=0,0 hv=0,0
10:08:08 tp raw=-1,15 out=0,10 hv=0,0
10:08:08 tp raw=0,6 out=0,3 hv=0,0
10:08:08 tp raw=-2,7 out=0,3 hv=0,0
10:08:08 tp raw=0,8 out=0,4 hv=0,0
10:08:08 tp raw=-3,9 out=0,4 hv=0,0
10:08:08 tp raw=-2,18 out=0,14 hv=0,0
10:08:08 tp raw=0,13 out=0,7 hv=0,0
10:08:08 tp raw=-2,8 out=0,4 hv=0,0
10:08:08 tp raw=0,8 out=0,4 hv=0,0
10:08:08 tp raw=0,17 out=0,13 hv=0,0
10:08:08 tp raw=0,11 out=0,5 hv=0,0
10:08:08 tp raw=0,12 out=0,6 hv=0,0
10:08:08 tp raw=0,11 out=0,5 hv=0,0
10:08:08 tp raw=0,28 out=0,28 hv=0,0
10:08:08 tp raw=5,10 out=0,5 hv=0,0
10:08:08 tp raw=0,18 out=0,14 hv=0,0
10:08:08 tp raw=0,15 out=0,10 hv=0,0
10:08:08 tp raw=2,20 out=0,17 hv=0,0
10:08:08 tp raw=2,6 out=0,3 hv=0,0
10:08:08 tp raw=3,10 out=0,5 hv=0,0
10:08:08 tp raw=4,3 out=0,0 hv=0,0
10:08:08 tp raw=1,2 out=0,0 hv=0,0
10:08:08 tp raw=0,3 out=0,0 hv=0,0
10:08:08 tp raw=0,2 out=0,0 hv=0,0
10:08:08 tp raw=-5,3 out=0,0 hv=0,0
10:08:08 tp raw=-2,4 out=0,0 hv=0,0
10:08:08 tp raw=0,3 out=0,0 hv=0,0
10:08:08 tp raw=0,1 out=0,0 hv=0,0
10:08:08 tp raw=0,2 out=0,0 hv=0,0
10:08:08 tp raw=0,2 out=0,0 hv=0,0
10:08:08 tp raw=11,8 out=5,4 hv=0,0
10:08:08 tp raw=3,5 out=0,0 hv=0,0
10:08:08 tp raw=2,2 out=0,0 hv=0,0
10:08:08 tp raw=5,3 out=0,0 hv=0,0
10:08:08 tp raw=0,5 out=0,0 hv=0,0
10:08:08 tp raw=0,13 out=0,7 hv=0,0
10:08:08 tp raw=0,7 out=0,3 hv=0,0
10:08:08 tp raw=0,6 out=0,3 hv=0,0
10:08:08 tp raw=3,3 out=0,0 hv=0,0
10:08:08 tp raw=4,14 out=0,8 hv=0,0
10:08:08 tp raw=3,3 out=0,0 hv=0,0
10:08:08 tp raw=2,3 out=0,0 hv=0,0
10:08:08 tp raw=2,10 out=0,5 hv=0,0
10:08:08 tp raw=5,10 out=0,5 hv=0,0
10:08:08 tp raw=0,2 out=0,0 hv=0,0
10:08:08 tp raw=0,1 out=0,0 hv=0,0
10:08:08 tp raw=3,2 out=0,0 hv=0,0
10:08:08 tp raw=2,1 out=0,0 hv=0,0
10:08:08 tp raw=2,0 out=0,0 hv=0,0
10:08:08 tp raw=0,-6 out=0,-3 hv=0,0
10:08:08 tp raw=-5,0 out=0,0 hv=0,0
10:08:08 tp raw=0,-2 out=0,0 hv=0,0
10:08:08 tp raw=0,-1 out=0,0 hv=0,0
10:08:08 tp raw=5,0 out=0,0 hv=0,0
10:08:08 tp raw=1,0 out=0,0 hv=0,0
10:08:08 tp raw=2,0 out=0,0 hv=0,0
10:08:08 tp raw=-5,0 out=0,0 hv=0,0
10:08:08 tp raw=-2,0 out=0,0 hv=0,0
10:08:08 tp raw=-3,0 out=0,0 hv=0,0
10:08:08 tp raw=-2,0 out=0,0 hv=0,0
10:08:08 tp raw=-2,-4 out=0,0 hv=0,0
10:08:08 tp raw=6,-5 out=3,0 hv=0,0
10:08:08 tp raw=0,-6 out=0,-3 hv=0,0
10:08:08 tp raw=0,-2 out=0,0 hv=0,0
10:08:08 tp raw=0,-3 out=0,0 hv=0,0
10:08:08 tp raw=-6,-3 out=-3,0 hv=0,0
10:08:08 tp raw=-1,-9 out=0,-4 hv=0,0
10:08:08 tp raw=0,-6 out=0,-3 hv=0,0
10:08:08 tp raw=0,-5 out=0,0 hv=0,0
10:08:08 tp raw=0,-2 out=0,0 hv=0,0
10:08:08 tp raw=0,-3 out=0,0 hv=0,0
10:08:08 tp raw=7,-5 out=3,0 hv=0,0
10:08:08 tp raw=0,-5 out=0,0 hv=0,0
10:08:08 tp raw=1,-3 out=0,0 hv=0,0
10:08:08 tp raw=0,-4 out=0,0 hv=0,0
10:08:08 tp raw=2,-1 out=0,0 hv=0,0
10:08:08 tp raw=0,-2 out=0,0 hv=0,0
10:08:08 tp raw=0,-8 out=0,-4 hv=0,0
10:08:08 tp raw=0,-3 out=0,0 hv=0,0
10:08:08 tp raw=0,-2 out=0,0 hv=0,0
10:08:08 tp raw=2,-3 out=0,0 hv=0,0
10:08:08 tp raw=0,-4 out=0,0 hv=0,0
10:08:08 tp raw=3,-5 out=0,0 hv=0,0
10:08:08 tp raw=0,-9 out=0,-4 hv=0,0
10:08:08 tp raw=0,-4 out=0,0 hv=0,0
10:08:08 tp raw=0,-3 out=0,0 hv=0,0
10:08:08 tp raw=-7,-8 out=-3,-4 hv=0,0
10:08:08 tp raw=-8,-20 out=-4,-17 hv=0,0
10:08:08 tp raw=-4,-7 out=0,-3 hv=0,0
10:08:08 tp raw=0,-3 out=0,0 hv=0,0
10:08:08 tp raw=0,-5 out=0,0 hv=0,0
10:08:08 tp raw=-1,-1 out=0,0 hv=0,0
10:08:08 tp raw=0,-5 out=0,0 hv=0,0
10:08:08 tp raw=0,-12 out=0,-6 hv=0,0
10:08:08 tp raw=0,-5 out=0,0 hv=0,0
10:08:08 tp raw=-4,-5 out=0,0 hv=0,0
10:08:08 tp raw=-2,-5 out=0,0 hv=0,0
10:08:08 tp raw=-3,-6 out=0,-3 hv=0,0
10:08:08 tp raw=-3,-12 out=0,-6 hv=0,0
10:08:08 tp raw=-6,-3 out=-3,0 hv=0,0
10:08:08 tp raw=-3,-5 out=0,0 hv=0,0
10:08:08 tp raw=-2,-5 out=0,0 hv=0,0
10:08:08 tp raw=5,-6 out=0,-3 hv=0,0
10:08:08 tp raw=2,-2 out=0,0 hv=0,0
10:08:08 tp raw=0,-3 out=0,0 hv=0,0
10:08:08 tp raw=0,-2 out=0,0 hv=0,0
10:08:08 tp raw=-7,-8 out=-3,-4 hv=0,0
10:08:08 tp raw=0,-2 out=0,0 hv=0,0
10:08:08 tp raw=0,-3 out=0,0 hv=0,0
10:08:08 tp raw=0,-2 out=0,0 hv=0,0
10:08:08 tp raw=-5,-3 out=0,0 hv=0,0
10:08:08 tp raw=-7,0 out=-3,0 hv=0,0
10:08:08 tp raw=-1,-3 out=0,0 hv=0,0
10:08:08 tp raw=-6,-4 out=-3,0 hv=0,0
10:08:08 tp raw=6,-1 out=3,0 hv=0,0
10:08:08 tp raw=0,-4 out=0,0 hv=0,0
10:08:08 tp raw=0,-3 out=0,0 hv=0,0
10:08:08 tp raw=-6,-3 out=-3,0 hv=0,0
10:08:08 tp raw=0,-2 out=0,0 hv=0,0
10:08:08 tp raw=-1,-3 out=0,0 hv=0,0
10:08:08 tp raw=-4,-7 out=0,-3 hv=0,0
10:08:08 tp raw=-1,-5 out=0,0 hv=0,0
10:08:08 tp raw=-2,-5 out=0,0 hv=0,0
10:08:08 tp raw=0,-6 out=0,-3 hv=0,0
10:08:08 tp raw=-4,-12 out=0,-6 hv=0,0
10:08:08 tp raw=-1,-6 out=0,-3 hv=0,0
10:08:08 tp raw=-2,-7 out=0,-3 hv=0,0
10:08:08 tp raw=0,-5 out=0,0 hv=0,0
10:08:08 tp raw=0,-5 out=0,0 hv=0,0
10:08:08 tp raw=-2,-15 out=0,-10 hv=0,0
10:08:08 tp raw=-3,-6 out=0,-3 hv=0,0
10:08:08 tp raw=0,-10 out=0,-5 hv=0,0
10:08:08 tp raw=0,-5 out=0,0 hv=0,0
10:08:08 tp raw=-10,-13 out=-5,-7 hv=0,0
10:08:08 tp raw=-9,-12 out=-4,-6 hv=0,0
10:08:08 tp raw=-3,-5 out=0,0 hv=0,0
10:08:08 tp raw=-2,0 out=0,0 hv=0,0
10:08:08 tp raw=-2,0 out=0,0 hv=0,0
10:08:08 tp raw=0,5 out=0,0 hv=0,0
10:08:08 tp raw=5,4 out=0,0 hv=0,0
10:08:08 tp raw=0,3 out=0,0 hv=0,0
10:08:08 tp raw=4,7 out=0,3 hv=0,0
10:08:08 tp raw=1,5 out=0,0 hv=0,0
10:08:08 tp raw=2,4 out=0,0 hv=0,0
10:08:08 tp raw=0,9 out=0,4 hv=0,0
10:08:08 tp raw=2,8 out=0,4 hv=0,0
10:08:08 tp raw=3,16 out=0,11 hv=0,0
10:08:08 tp raw=5,7 out=0,3 hv=0,0
10:08:09 tp raw=0,-3 out=0,0 hv=0,0
10:08:09 tp raw=0,-5 out=0,0 hv=0,0
10:08:09 tp raw=-10,-6 out=-5,-3 hv=0,0
10:08:09 tp raw=-2,-5 out=0,0 hv=0,0
10:08:09 tp raw=-2,-5 out=0,0 hv=0,0
10:08:09 tp raw=-1,-4 out=0,0 hv=0,0
10:08:09 tp raw=0,-1 out=0,0 hv=0,0
10:08:09 tp raw=-2,-5 out=0,0 hv=0,0
10:08:09 tp raw=0,-3 out=0,0 hv=0,0
10:08:09 tp raw=-5,-2 out=0,0 hv=0,0
10:08:09 tp raw=-4,-2 out=0,0 hv=0,0
10:08:09 tp raw=-5,-1 out=0,0 hv=0,0
10:08:09 tp raw=-3,-2 out=0,0 hv=0,0
10:08:09 tp raw=-2,-2 out=0,0 hv=0,0
10:08:09 tp raw=-3,0 out=0,0 hv=0,0
10:08:09 tp raw=-4,-1 out=0,0 hv=0,0
10:08:09 tp raw=-2,-2 out=0,0 hv=0,0
10:08:09 tp raw=0,-2 out=0,0 hv=0,0
10:08:09 tp raw=-1,-3 out=0,0 hv=0,0
10:08:09 tp raw=-2,-5 out=0,0 hv=0,0
10:08:09 tp raw=-5,-11 out=0,-5 hv=0,0
10:08:09 tp raw=-4,-7 out=0,-3 hv=0,0
10:08:09 tp raw=0,-3 out=0,0 hv=0,0
10:08:09 tp raw=-1,-3 out=0,0 hv=0,0
10:08:09 tp raw=-2,-4 out=0,0 hv=0,0
10:08:09 tp raw=-3,-8 out=0,-4 hv=0,0
10:08:09 tp raw=-4,-3 out=0,0 hv=0,0
10:08:09 tp raw=-2,0 out=0,0 hv=0,0
10:08:09 tp raw=-3,0 out=0,0 hv=0,0
10:08:09 tp raw=-2,-5 out=0,0 hv=0,0
10:08:09 tp raw=-1,-3 out=0,0 hv=0,0
10:08:09 tp raw=-4,-5 out=0,0 hv=0,0
10:08:09 tp raw=-2,-2 out=0,0 hv=0,0
10:08:09 tp raw=-5,-7 out=0,-3 hv=0,0
10:08:09 tp raw=-3,-1 out=0,0 hv=0,0
10:08:09 tp raw=-4,-2 out=0,0 hv=0,0
10:08:09 tp raw=0,-2 out=0,0 hv=0,0
10:08:09 tp raw=-1,0 out=0,0 hv=0,0
10:08:09 tp raw=-4,-4 out=0,0 hv=0,0
10:08:09 tp raw=0,-2 out=0,0 hv=0,0
10:08:09 tp raw=0,-3 out=0,0 hv=0,0
10:08:09 tp raw=0,-4 out=0,0 hv=0,0
10:08:09 tp raw=0,-1 out=0,0 hv=0,0
10:08:09 tp raw=-1,-7 out=0,-3 hv=0,0
10:08:09 tp raw=-9,-7 out=-4,-3 hv=0,0
10:08:09 tp raw=-3,-4 out=0,0 hv=0,0
10:08:09 tp raw=-6,-9 out=-3,-4 hv=0,0
10:08:09 tp raw=-1,-6 out=0,-3 hv=0,0
10:08:09 tp raw=0,-2 out=0,0 hv=0,0
10:08:09 tp raw=0,-2 out=0,0 hv=0,0
10:08:09 tp raw=-2,0 out=0,0 hv=0,0
10:08:09 tp raw=-2,0 out=0,0 hv=0,0
10:08:09 tp raw=-1,0 out=0,0 hv=0,0
10:08:09 tp raw=-2,5 out=0,0 hv=0,0
10:08:09 tp raw=-2,0 out=0,0 hv=0,0
10:08:09 tp raw=-3,-6 out=0,-3 hv=0,0
10:08:09 tp raw=-2,-3 out=0,0 hv=0,0
10:08:09 tp raw=-2,0 out=0,0 hv=0,0
10:08:09 tp raw=0,-2 out=0,0 hv=0,0
10:08:09 tp raw=0,-2 out=0,0 hv=0,0
10:08:09 tp raw=-3,-3 out=0,0 hv=0,0
10:08:09 tp raw=-5,-3 out=0,0 hv=0,0
10:08:09 tp raw=-7,-12 out=-3,-6 hv=0,0
10:08:09 tp raw=-2,-11 out=0,-5 hv=0,0
10:08:09 tp raw=-10,-7 out=-5,-3 hv=0,0
10:08:09 tp raw=-2,-3 out=0,0 hv=0,0
10:08:09 tp raw=-5,-4 out=0,0 hv=0,0
10:08:09 tp raw=-2,-1 out=0,0 hv=0,0
10:08:09 tp raw=-1,0 out=0,0 hv=0,0
10:08:09 tp raw=0,-2 out=0,0 hv=0,0
10:08:09 tp raw=-2,0 out=0,0 hv=0,0
10:08:09 tp raw=-2,0 out=0,0 hv=0,0
10:08:09 tp raw=-1,-3 out=0,0 hv=0,0
10:08:09 tp raw=-2,-5 out=0,0 hv=0,0
10:08:09 tp raw=0,-7 out=0,-3 hv=0,0
10:08:09 tp raw=-2,-3 out=0,0 hv=0,0
10:08:09 tp raw=-3,-3 out=0,0 hv=0,0
10:08:10 tp raw=-15,-5 out=-10,0 hv=0,0
10:08:10 tp raw=-14,-3 out=-8,0 hv=0,0
10:08:10 tp raw=-43,-12 out=-49,-6 hv=0,0
10:08:10 tp raw=-27,-5 out=-27,0 hv=0,0
10:08:10 tp raw=-22,-6 out=-20,-3 hv=0,0
10:08:10 tp raw=-33,-5 out=-35,0 hv=0,0
10:08:10 tp raw=-46,-5 out=-53,0 hv=0,0
10:08:10 tp raw=-17,-3 out=-13,0 hv=0,0
10:08:10 tp raw=-33,-5 out=-35,0 hv=0,0
10:08:10 tp raw=-70,-4 out=-87,0 hv=0,0
10:08:10 tp raw=-67,10 out=-83,5 hv=0,0
10:08:10 tp raw=-27,7 out=-27,3 hv=0,0
10:08:10 tp raw=-33,7 out=-35,3 hv=0,0
10:08:10 tp raw=-15,3 out=-10,0 hv=0,0
10:08:10 tp raw=-17,8 out=-13,4 hv=0,0
10:08:10 tp raw=-14,5 out=-8,0 hv=0,0
10:08:10 tp raw=-29,10 out=-29,5 hv=0,0
10:08:10 tp raw=-9,3 out=-4,0 hv=0,0
10:08:10 tp raw=-15,7 out=-10,3 hv=0,0
10:08:10 tp raw=-21,6 out=-18,3 hv=0,0
10:08:10 tp raw=-43,7 out=-49,3 hv=0,0
10:08:10 tp raw=-17,3 out=-13,0 hv=0,0
10:08:10 tp raw=-20,7 out=-17,3 hv=0,0
10:08:10 tp raw=-14,6 out=-8,3 hv=0,0
10:08:10 tp raw=-33,10 out=-35,5 hv=0,0
10:08:10 tp raw=-15,2 out=-10,0 hv=0,0
10:08:10 tp raw=-12,3 out=-6,0 hv=0,0
10:08:10 tp raw=-15,2 out=-10,0 hv=0,0
10:08:10 tp raw=-17,1 out=-13,0 hv=0,0
10:08:10 tp raw=-6,0 out=-3,0 hv=0,0
10:08:10 tp raw=-5,2 out=0,0 hv=0,0
10:08:10 tp raw=-10,2 out=-5,0 hv=0,0
10:08:10 tp raw=-5,1 out=0,0 hv=0,0
10:08:10 tp raw=-5,2 out=0,0 hv=0,0
10:08:10 tp raw=-4,0 out=0,0 hv=0,0
10:08:10 tp raw=-12,2 out=-6,0 hv=0,0
10:08:10 tp raw=7,0 out=3,0 hv=0,0
10:08:10 tp raw=2,0 out=0,0 hv=0,0
10:08:10 tp raw=2,0 out=0,0 hv=0,0
10:08:10 tp raw=3,0 out=0,0 hv=0,0
10:08:10 tp raw=2,0 out=0,0 hv=0,0
10:08:10 tp raw=3,1 out=0,0 hv=0,0
10:08:10 tp raw=2,0 out=0,0 hv=0,0
10:08:10 tp raw=5,0 out=0,0 hv=0,0
10:08:10 tp raw=5,0 out=0,0 hv=0,0
10:08:10 tp raw=4,0 out=0,0 hv=0,0
10:08:10 tp raw=12,0 out=6,0 hv=0,0
10:08:10 tp raw=5,-5 out=0,0 hv=0,0
10:08:10 tp raw=10,-5 out=5,0 hv=0,0
10:08:10 tp raw=7,-1 out=3,0 hv=0,0
10:08:10 tp raw=31,-5 out=32,0 hv=0,0
10:08:10 tp raw=25,-3 out=24,0 hv=0,0
10:08:10 tp raw=17,-2 out=13,0 hv=0,0
10:08:10 tp raw=14,-2 out=8,0 hv=0,0
10:08:10 tp raw=50,-10 out=59,-5 hv=0,0
10:08:10 tp raw=19,-6 out=15,-3 hv=0,0
10:08:10 tp raw=29,-10 out=29,-5 hv=0,0
10:08:10 tp raw=24,-5 out=22,0 hv=0,0
10:08:10 tp raw=55,-16 out=66,-11 hv=0,0
10:08:10 tp raw=77,-25 out=97,-24 hv=0,0
10:08:10 tp raw=97,-17 out=125,-13 hv=0,0
10:08:10 tp raw=100,-18 out=-127,-14 hv=0,0
10:08:10 tp raw=29,-5 out=29,0 hv=0,0
10:08:10 tp raw=29,-3 out=29,0 hv=0,0
10:08:10 tp raw=34,-3 out=36,0 hv=0,0
10:08:10 tp raw=51,-10 out=60,-5 hv=0,0
10:08:10 tp raw=28,-3 out=28,0 hv=0,0
10:08:10 tp raw=27,-4 out=27,0 hv=0,0
10:08:10 tp raw=31,-5 out=32,0 hv=0,0
10:08:10 tp raw=45,-5 out=52,0 hv=0,0
10:08:10 tp raw=20,-1 out=17,0 hv=0,0
10:08:10 tp raw=38,-3 out=42,0 hv=0,0
10:08:10 tp raw=29,-2 out=29,0 hv=0,0
10:08:10 tp raw=50,-5 out=59,0 hv=0,0
10:08:10 tp raw=24,-5 out=22,0 hv=0,0
10:08:10 tp raw=20,-2 out=17,0 hv=0,0
10:08:10 tp raw=22,-1 out=20,0 hv=0,0
10:08:10 tp raw=35,5 out=38,0 hv=0,0
10:08:10 tp raw=13,3 out=7,0 hv=0,0
10:08:10 tp raw=12,0 out=6,0 hv=0,0
10:08:10 tp raw=21,3 out=18,0 hv=0,0
10:08:10 tp raw=10,4 out=5,0 hv=0,0
10:08:10 tp raw=12,1 out=6,0 hv=0,0
10:08:10 tp raw=14,5 out=8,0 hv=0,0
10:08:10 tp raw=10,3 out=5,0 hv=0,0
10:08:10 tp raw=41,12 out=46,6 hv=0,0
10:08:10 tp raw=19,11 out=15,5 hv=0,0
10:08:10 tp raw=17,9 out=13,4 hv=0,0
10:08:10 tp raw=5,3 out=0,0 hv=0,0
10:08:10 tp raw=6,3 out=3,0 hv=0,0
10:08:10 tp raw=1,4 out=0,0 hv=0,0
10:08:10 tp raw=5,3 out=0,0 hv=0,0
10:08:10 tp raw=4,1 out=0,0 hv=0,0
10:08:10 tp raw=2,2 out=0,0 hv=0,0
10:08:10 tp raw=1,2 out=0,0 hv=0,0
10:08:10 tp raw=0,1 out=0,0 hv=0,0
10:08:10 tp raw=2,2 out=0,0 hv=0,0
10:08:10 tp raw=0,2 out=0,0 hv=0,0
10:08:10 tp raw=0,3 out=0,0 hv=0,0
10:08:10 tp raw=0,2 out=0,0 hv=0,0
10:08:10 tp raw=0,1 out=0,0 hv=0,0
10:08:10 tp raw=-5,0 out=0,0 hv=0,0
10:08:10 tp raw=-2,0 out=0,0 hv=0,0
10:08:10 tp raw=-2,0 out=0,0 hv=0,0
10:08:10 tp raw=-1,0 out=0,0 hv=0,0
10:08:10 tp raw=0,2 out=0,0 hv=0,0
10:08:10 tp raw=0,2 out=0,0 hv=0,0
10:08:10 tp raw=0,1 out=0,0 hv=0,0
10:08:10 tp raw=-2,0 out=0,0 hv=0,0
10:08:10 tp raw=-2,4 out=0,0 hv=0,0
10:08:10 tp raw=-3,4 out=0,0 hv=0,0
10:08:10 tp raw=5,9 out=0,4 hv=0,0
10:08:10 tp raw=-9,8 out=-4,4 hv=0,0
10:08:10 tp raw=0,3 out=0,0 hv=0,0
10:08:10 tp raw=0,3 out=0,0 hv=0,0
10:08:10 tp raw=0,4 out=0,0 hv=0,0
10:08:10 tp raw=-1,1 out=0,0 hv=0,0
10:08:10 tp raw=-2,9 out=0,4 hv=0,0
10:08:10 tp raw=-2,5 out=0,0 hv=0,0
10:08:10 tp raw=0,6 out=0,3 hv=0,0
10:08:10 tp raw=-1,8 out=0,4 hv=0,0
10:08:10 tp raw=-7,10 out=-3,5 hv=0,0
10:08:10 tp raw=-14,22 out=-8,20 hv=0,0
10:08:10 tp raw=-9,11 out=-4,5 hv=0,0
10:08:10 tp raw=-10,10 out=-5,5 hv=0,0
10:08:10 tp raw=-7,13 out=-3,7 hv=0,0
10:08:10 tp raw=-5,10 out=0,5 hv=0,0
10:08:10 tp raw=-14,31 out=-8,32 hv=0,0
10:08:10 tp raw=-8,15 out=-4,10 hv=0,0
10:08:10 tp raw=-7,13 out=-3,7 hv=0,0
10:08:10 tp raw=-5,17 out=0,13 hv=0,0
10:08:10 tp raw=-7,33 out=-3,35 hv=0,0
10:08:10 tp raw=-8,16 out=-4,11 hv=0,0
10:08:10 tp raw=-7,20 out=-3,17 hv=0,0
10:08:10 tp raw=-4,23 out=0,21 hv=0,0
10:08:10 tp raw=-15,44 out=-10,50 hv=0,0
10:08:10 tp raw=-7,20 out=-3,17 hv=0,0
10:08:10 tp raw=-19,61 out=-15,74 hv=0,0
10:08:10 tp raw=-19,61 out=-15,74 hv=0,0
10:08:10 tp raw=-19,51 out=-15,60 hv=0,0
10:08:10 tp raw=-6,23 out=-3,21 hv=0,0
10:08:10 tp raw=-12,33 out=-6,35 hv=0,0
10:08:10 tp raw=-6,23 out=-3,21 hv=0,0
10:08:10 tp raw=-3,18 out=0,14 hv=0,0
10:08:10 tp raw=-3,18 out=0,14 hv=0,0
10:08:10 tp raw=-16,49 out=-11,57 hv=0,0
10:08:10 tp raw=-10,20 out=-5,17 hv=0,0
10:08:10 tp raw=-14,20 out=-8,17 hv=0,0
10:08:10 tp raw=-10,23 out=-5,21 hv=0,0
10:08:10 tp raw=-12,37 out=-6,41 hv=0,0
10:08:10 tp raw=-2,19 out=0,15 hv=0,0
10:08:10 tp raw=-7,18 out=-3,14 hv=0,0
10:08:10 tp raw=-5,16 out=0,11 hv=0,0
10:08:10 tp raw=-5,16 out=0,11 hv=0,0
10:08:10 tp raw=-8,37 out=-4,41 hv=0,0
10:08:10 tp raw=-7,21 out=-3,18 hv=0,0
10:08:10 tp raw=-5,15 out=0,10 hv=0,0
10:08:11 tp raw=-7,25 out=-3,24 hv=0,0
10:08:11 tp raw=-12,36 out=-6,39 hv=0,0
10:08:11 tp raw=-7,18 out=-3,14 hv=0,0
10:08:11 tp raw=-7,18 out=-3,14 hv=0,0
10:08:11 tp raw=-5,31 out=0,32 hv=0,0
10:08:11 tp raw=-12,45 out=-6,52 hv=0,0
10:08:11 tp raw=-16,51 out=-11,60 hv=0,0
10:08:11 tp raw=-10,51 out=-5,60 hv=0,0
10:08:11 tp raw=-10,41 out=-5,46 hv=0,0
10:08:11 tp raw=-3,14 out=0,8 hv=0,0
10:08:11 tp raw=-6,15 out=-3,10 hv=0,0
10:08:11 tp raw=-12,31 out=-6,32 hv=0,0
10:08:11 tp raw=-6,14 out=-3,8 hv=0,0
10:08:11 tp raw=-6,14 out=-3,8 hv=0,0
10:08:11 tp raw=-5,19 out=0,15 hv=0,0
10:08:11 tp raw=-10,32 out=-5,34 hv=0,0
10:08:11 tp raw=-5,20 out=0,17 hv=0,0
10:08:11 tp raw=-7,18 out=-3,14 hv=0,0
10:08:11 tp raw=-3,15 out=0,10 hv=0,0
10:08:11 tp raw=-16,25 out=-11,24 hv=0,0
10:08:11 tp raw=-3,16 out=0,11 hv=0,0
10:08:11 tp raw=-2,13 out=0,7 hv=0,0
10:08:11 tp raw=0,14 out=0,8 hv=0,0
10:08:11 tp raw=-7,13 out=-3,7 hv=0,0
10:08:11 tp raw=-15,16 out=-10,11 hv=0,0
10:08:11 tp raw=-4,10 out=0,5 hv=0,0
10:08:11 tp raw=-7,10 out=-3,5 hv=0,0
10:08:11 tp raw=-6,6 out=-3,3 hv=0,0
10:08:11 tp raw=-11,12 out=-5,6 hv=0,0
10:08:11 tp raw=-3,7 out=0,3 hv=0,0
10:08:11 tp raw=-7,6 out=-3,3 hv=0,0
10:08:11 tp raw=-10,5 out=-5,0 hv=0,0
10:08:11 tp raw=-21,12 out=-18,6 hv=0,0
10:08:11 tp raw=-17,29 out=-13,29 hv=0,0
10:08:11 tp raw=-5,13 out=0,7 hv=0,0
10:08:11 tp raw=-2,12 out=0,6 hv=0,0
10:08:11 tp raw=-7,6 out=-3,3 hv=0,0
10:08:11 tp raw=-6,5 out=-3,0 hv=0,0
10:08:11 tp raw=-7,7 out=-3,3 hv=0,0
10:08:11 tp raw=-40,16 out=-45,11 hv=0,0
10:08:11 tp raw=-10,7 out=-5,3 hv=0,0
10:08:11 tp raw=-17,5 out=-13,0 hv=0,0
10:08:11 tp raw=-22,6 out=-20,3 hv=0,0
10:08:11 tp raw=-14,5 out=-8,0 hv=0,0
10:08:11 tp raw=-3,5 out=0,0 hv=0,0
10:08:11 tp raw=8,-12 out=4,-6 hv=0,0
10:08:11 tp raw=4,-13 out=0,-7 hv=0,0
10:08:11 tp raw=5,-33 out=0,-35 hv=0,0
10:08:11 tp raw=8,-20 out=4,-17 hv=0,0
10:08:11 tp raw=11,-21 out=5,-18 hv=0,0
10:08:11 tp raw=6,-18 out=3,-14 hv=0,0
10:08:11 tp raw=11,-22 out=5,-20 hv=0,0
10:08:11 tp raw=13,-47 out=7,-55 hv=0,0
10:08:11 tp raw=9,-18 out=4,-14 hv=0,0
10:08:11 tp raw=8,-20 out=4,-17 hv=0,0
10:08:11 tp raw=7,-15 out=3,-10 hv=0,0
10:08:11 tp raw=14,-31 out=8,-32 hv=0,0
10:08:11 tp raw=5,-15 out=0,-10 hv=0,0
10:08:11 tp raw=7,-13 out=3,-7 hv=0,0
10:08:11 tp raw=3,-12 out=0,-6 hv=0,0
10:08:11 tp raw=9,-23 out=4,-21 hv=0,0
10:08:11 tp raw=5,-8 out=0,-4 hv=0,0
10:08:11 tp raw=4,-8 out=0,-4 hv=0,0
10:08:11 tp raw=3,-7 out=0,-3 hv=0,0
10:08:11 tp raw=15,-29 out=10,-29 hv=0,0
10:08:11 tp raw=9,-10 out=4,-5 hv=0,0
10:08:11 tp raw=7,-10 out=3,-5 hv=0,0
10:08:11 tp raw=2,-3 out=0,0 hv=0,0
10:08:11 tp raw=3,-2 out=0,0 hv=0,0
10:08:11 tp raw=3,0 out=0,0 hv=0,0
10:08:11 tp raw=6,0 out=3,0 hv=0,0
10:08:11 tp raw=5,-6 out=0,-3 hv=0,0
10:08:11 tp raw=1,-2 out=0,0 hv=0,0
10:08:11 tp raw=2,-2 out=0,0 hv=0,0
10:08:11 tp raw=0,-1 out=0,0 hv=0,0
10:08:11 tp raw=0,-2 out=0,0 hv=0,0
10:08:11 tp raw=0,-2 out=0,0 hv=0,0
10:08:11 tp raw=-5,-1 out=0,0 hv=0,0
10:08:11 tp raw=-2,0 out=0,0 hv=0,0
10:08:11 tp raw=0,-2 out=0,0 hv=0,0
10:08:11 tp raw=-1,0 out=0,0 hv=0,0
10:08:11 tp raw=-4,5 out=0,0 hv=0,0
10:08:11 tp raw=10,-5 out=5,0 hv=0,0
10:08:11 tp raw=6,0 out=3,0 hv=0,0
10:08:11 tp raw=1,0 out=0,0 hv=0,0
10:08:11 tp raw=2,0 out=0,0 hv=0,0
10:08:11 tp raw=2,0 out=0,0 hv=0,0
10:08:11 tp raw=3,-3 out=0,0 hv=0,0
10:08:11 tp raw=2,-2 out=0,0 hv=0,0
10:08:11 tp raw=2,-2 out=0,0 hv=0,0
10:08:11 tp raw=1,-3 out=0,0 hv=0,0
10:08:11 tp raw=0,-1 out=0,0 hv=0,0
10:08:11 tp raw=0,-2 out=0,0 hv=0,0
10:08:11 tp raw=-5,-2 out=0,0 hv=0,0
10:08:11 tp raw=-2,0 out=0,0 hv=0,0
10:08:11 tp raw=0,-1 out=0,0 hv=0,0
10:08:11 tp raw=6,0 out=3,0 hv=0,0
10:08:11 tp raw=1,0 out=0,0 hv=0,0
10:08:11 tp raw=4,0 out=0,0 hv=0,0
10:08:11 tp raw=-5,0 out=0,0 hv=0,0
10:08:11 tp raw=0,6 out=0,3 hv=0,0
10:08:11 tp raw=0,2 out=0,0 hv=0,0
10:08:11 tp raw=-4,0 out=0,0 hv=0,0
10:08:11 tp raw=5,1 out=0,0 hv=0,0
10:08:11 tp raw=5,4 out=0,0 hv=0,0
10:08:11 tp raw=6,0 out=3,0 hv=0,0
10:08:11 tp raw=3,0 out=0,0 hv=0,0
10:08:11 tp raw=3,0 out=0,0 hv=0,0
10:08:11 tp raw=11,1 out=5,0 hv=0,0
10:08:11 tp raw=3,0 out=0,0 hv=0,0
10:08:11 tp raw=2,0 out=0,0 hv=0,0
10:08:11 tp raw=1,0 out=0,0 hv=0,0
10:08:11 tp raw=0,4 out=0,0 hv=0,0
10:08:11 tp raw=7,3 out=3,0 hv=0,0
10:08:11 tp raw=7,0 out=3,0 hv=0,0
10:08:11 tp raw=5,2 out=0,0 hv=0,0
10:08:11 tp raw=4,1 out=0,0 hv=0,0
10:08:11 tp raw=3,2 out=0,0 hv=0,0
10:08:11 tp raw=5,5 out=0,0 hv=0,0
10:08:11 tp raw=2,1 out=0,0 hv=0,0
10:08:11 tp raw=5,2 out=0,0 hv=0,0
10:08:11 tp raw=4,3 out=0,0 hv=0,0
10:08:11 tp raw=1,2 out=0,0 hv=0,0
10:08:11 tp raw=9,8 out=4,4 hv=0,0
10:08:11 tp raw=14,9 out=8,4 hv=0,0
10:08:11 tp raw=12,6 out=6,3 hv=0,0
10:08:11 tp raw=18,18 out=14,14 hv=0,0
10:08:11 tp raw=19,26 out=15,25 hv=0,0
10:08:11 tp raw=9,20 out=4,17 hv=0,0
10:08:11 tp raw=10,15 out=5,10 hv=0,0
10:08:11 tp raw=5,7 out=0,3 hv=0,0
10:08:11 tp raw=4,14 out=0,8 hv=0,0
10:08:11 tp raw=6,14 out=3,8 hv=0,0
10:08:11 tp raw=12,28 out=6,28 hv=0,0
10:08:11 tp raw=6,18 out=3,14 hv=0,0
10:08:11 tp raw=6,14 out=3,8 hv=0,0
10:08:11 tp raw=6,15 out=3,10 hv=0,0
10:08:11 tp raw=10,28 out=5,28 hv=0,0
10:08:11 tp raw=5,12 out=0,6 hv=0,0
10:08:11 tp raw=3,11 out=0,5 hv=0,0
10:08:11 tp raw=0,8 out=0,4 hv=0,0
10:08:11 tp raw=0,19 out=0,15 hv=0,0
10:08:11 tp raw=0,4 out=0,0 hv=0,0
10:08:11 tp raw=4,5 out=0,0 hv=0,0
10:08:11 tp raw=3,7 out=0,3 hv=0,0
10:08:11 tp raw=4,7 out=0,3 hv=0,0
10:08:11 tp raw=0,1 out=0,0 hv=0,0
10:08:11 tp raw=1,0 out=0,0 hv=0,0
10:08:11 tp raw=2,0 out=0,0 hv=0,0
10:08:11 tp raw=0,2 out=0,0 hv=0,0
10:08:11 tp raw=-7,3 out=-3,0 hv=0,0
10:08:11 tp raw=-7,-6 out=-3,-3 hv=0,0
10:08:11 tp raw=0,4 out=0,0 hv=0,0
10:08:11 tp raw=6,0 out=3,0 hv=0,0
10:08:11 tp raw=1,4 out=0,0 hv=0,0
10:08:11 tp raw=-7,0 out=-3,0 hv=0,0
10:08:12 tp raw=-1,0 out=0,0 hv=0,0
10:08:12 tp raw=0,1 out=0,0 hv=0,0
10:08:12 tp raw=0,2 out=0,0 hv=0,0
10:08:12 tp raw=7,0 out=3,0 hv=0,0
10:08:12 tp raw=0,3 out=0,0 hv=0,0
10:08:12 tp raw=0,2 out=0,0 hv=0,0
10:08:12 tp raw=-6,0 out=-3,0 hv=0,0
10:08:12 tp raw=-3,0 out=0,0 hv=0,0
10:08:12 tp raw=-5,2 out=0,0 hv=0,0
10:08:12 tp raw=0,1 out=0,0 hv=0,0
10:08:12 tp raw=-4,0 out=0,0 hv=0,0
10:08:12 tp raw=-3,0 out=0,0 hv=0,0
10:08:12 tp raw=0,2 out=0,0 hv=0,0
10:08:12 tp raw=0,2 out=0,0 hv=0,0
10:08:12 tp raw=0,1 out=0,0 hv=0,0
10:08:12 tp raw=7,0 out=3,0 hv=0,0
10:08:12 tp raw=0,-5 out=0,0 hv=0,0
10:08:12 tp raw=2,0 out=0,0 hv=0,0
10:08:12 tp raw=-6,-3 out=-3,0 hv=0,0
10:08:12 tp raw=-1,-2 out=0,0 hv=0,0
10:08:12 tp raw=-2,0 out=0,0 hv=0,0
10:08:12 tp raw=0,-1 out=0,0 hv=0,0
10:08:12 tp raw=0,-2 out=0,0 hv=0,0
10:08:12 tp raw=0,-2 out=0,0 hv=0,0
10:08:12 tp raw=0,-1 out=0,0 hv=0,0
10:08:12 tp raw=0,-2 out=0,0 hv=0,0
10:08:12 tp raw=5,-2 out=0,0 hv=0,0
10:08:12 tp raw=2,-1 out=0,0 hv=0,0
10:08:12 tp raw=-9,-2 out=-4,0 hv=0,0
10:08:12 tp raw=-3,-3 out=0,0 hv=0,0
10:08:12 tp raw=-5,-8 out=0,-4 hv=0,0
10:08:12 tp raw=-4,-2 out=0,0 hv=0,0
10:08:12 tp raw=5,-2 out=0,0 hv=0,0
10:08:12 tp raw=0,-6 out=0,-3 hv=0,0
10:08:12 tp raw=0,-5 out=0,0 hv=0,0
10:08:12 tp raw=-8,-5 out=-4,0 hv=0,0
10:08:12 tp raw=-2,-3 out=0,0 hv=0,0
10:08:12 tp raw=-8,-7 out=-4,-3 hv=0,0
10:08:12 tp raw=-6,-3 out=-3,0 hv=0,0
10:08:12 tp raw=-8,-7 out=-4,-3 hv=0,0
10:08:12 tp raw=-2,-5 out=0,0 hv=0,0
10:08:12 tp raw=-12,-16 out=-6,-11 hv=0,0
10:08:12 tp raw=-5,-8 out=0,-4 hv=0,0
10:08:12 tp raw=-7,-9 out=-3,-4 hv=0,0
10:08:12 tp raw=-5,-8 out=0,-4 hv=0,0
10:08:12 tp raw=-17,-20 out=-13,-17 hv=0,0
10:08:12 tp raw=-7,-6 out=-3,-3 hv=0,0
10:08:12 tp raw=-3,-10 out=0,-5 hv=0,0
10:08:12 tp raw=-4,-8 out=0,-4 hv=0,0
10:08:12 tp raw=-5,-13 out=0,-7 hv=0,0
10:08:12 tp raw=0,-7 out=0,-3 hv=0,0
10:08:12 tp raw=-2,-5 out=0,0 hv=0,0
10:08:12 tp raw=-3,-3 out=0,0 hv=0,0
10:08:12 tp raw=-5,-12 out=0,-6 hv=0,0
10:08:12 tp raw=-5,-5 out=0,0 hv=0,0
10:08:12 tp raw=-2,-3 out=0,0 hv=0,0
10:08:12 tp raw=-7,-8 out=-3,-4 hv=0,0
10:08:12 tp raw=-3,-7 out=0,-3 hv=0,0
10:08:12 tp raw=0,-1 out=0,0 hv=0,0
10:08:12 tp raw=-4,-4 out=0,0 hv=0,0
10:08:12 tp raw=-1,-1 out=0,0 hv=0,0
10:08:12 tp raw=-2,0 out=0,0 hv=0,0
10:08:12 tp raw=-2,0 out=0,0 hv=0,0
10:08:12 tp raw=-3,-2 out=0,0 hv=0,0
10:08:12 tp raw=-2,0 out=0,0 hv=0,0
10:08:12 tp raw=-3,-2 out=0,0 hv=0,0
10:08:12 tp raw=-2,-3 out=0,0 hv=0,0
10:08:12 tp raw=0,-2 out=0,0 hv=0,0
10:08:12 tp raw=0,-4 out=0,0 hv=0,0
10:08:12 tp raw=-2,-4 out=0,0 hv=0,0
10:08:12 tp raw=0,-1 out=0,0 hv=0,0
10:08:12 tp raw=-2,-2 out=0,0 hv=0,0
10:08:12 tp raw=-3,-2 out=0,0 hv=0,0
10:08:12 tp raw=-2,-1 out=0,0 hv=0,0
10:08:12 tp raw=-1,0 out=0,0 hv=0,0
10:08:12 tp raw=-2,0 out=0,0 hv=0,0
10:08:12 tp raw=-4,-5 out=0,0 hv=0,0
10:08:12 tp raw=0,-2 out=0,0 hv=0,0
10:08:12 tp raw=-3,-8 out=0,-4 hv=0,0
10:08:12 tp raw=-3,-3 out=0,0 hv=0,0
10:08:12 tp raw=0,-4 out=0,0 hv=0,0
10:08:12 tp raw=0,-1 out=0,0 hv=0,0
10:08:12 tp raw=0,-2 out=0,0 hv=0,0
10:08:12 tp raw=-6,-5 out=-3,0 hv=0,0
10:08:12 tp raw=-1,-2 out=0,0 hv=0,0
10:08:12 tp raw=0,-1 out=0,0 hv=0,0
10:08:12 tp raw=-2,-2 out=0,0 hv=0,0
10:08:12 tp raw=0,-2 out=0,0 hv=0,0
10:08:12 tp raw=-3,-3 out=0,0 hv=0,0
10:08:12 tp raw=-2,0 out=0,0 hv=0,0
10:08:12 tp raw=-2,-1 out=0,0 hv=0,0
10:08:12 tp raw=-2,-4 out=0,0 hv=0,0
10:08:12 tp raw=-1,-1 out=0,0 hv=0,0
10:08:12 tp raw=-2,-4 out=0,0 hv=0,0
10:08:12 tp raw=-5,-5 out=0,0 hv=0,0
10:08:12 tp raw=-3,-3 out=0,0 hv=0,0
10:08:12 tp raw=-2,-3 out=0,0 hv=0,0
10:08:12 tp raw=-2,-2 out=0,0 hv=0,0
10:08:12 tp raw=-5,-8 out=0,-4 hv=0,0
10:08:12 tp raw=-2,-3 out=0,0 hv=0,0
10:08:12 tp raw=-5,-2 out=0,0 hv=0,0
10:08:12 tp raw=-3,-5 out=0,0 hv=0,0
10:08:12 tp raw=-4,-3 out=0,0 hv=0,0
10:08:12 tp raw=-3,-4 out=0,0 hv=0,0
10:08:12 tp raw=-5,-11 out=0,-5 hv=0,0
10:08:12 tp raw=-4,-13 out=0,-7 hv=0,0
10:08:12 tp raw=-1,-8 out=0,-4 hv=0,0
10:08:12 tp raw=-9,-5 out=-4,0 hv=0,0
10:08:12 tp raw=-2,-2 out=0,0 hv=0,0
10:08:12 tp raw=0,-2 out=0,0 hv=0,0
10:08:12 tp raw=-1,0 out=0,0 hv=0,0
10:08:12 tp raw=0,5 out=0,0 hv=0,0
10:08:12 tp raw=-2,2 out=0,0 hv=0,0
10:08:12 tp raw=0,3 out=0,0 hv=0,0
10:08:12 tp raw=5,2 out=0,0 hv=0,0
10:08:12 tp raw=2,2 out=0,0 hv=0,0
10:08:12 tp raw=1,1 out=0,0 hv=0,0
10:08:12 tp raw=2,2 out=0,0 hv=0,0
10:08:12 tp raw=0,3 out=0,0 hv=0,0
10:08:12 tp raw=0,2 out=0,0 hv=0,0
10:08:12 tp raw=0,1 out=0,0 hv=0,0
10:08:12 tp raw=-5,0 out=0,0 hv=0,0
10:08:12 tp raw=-7,5 out=-3,0 hv=0,0
10:08:12 tp raw=-2,12 out=0,6 hv=0,0
10:08:12 tp raw=0,3 out=0,0 hv=0,0
10:08:13 tp raw=17,-14 out=13,-8 hv=0,0
10:08:13 tp raw=31,-16 out=32,-11 hv=0,0
10:08:13 tp raw=62,-46 out=76,-53 hv=0,0
10:08:13 tp raw=36,-28 out=39,-28 hv=0,0
10:08:13 tp raw=27,-21 out=27,-18 hv=0,0
10:08:13 tp raw=36,-24 out=39,-22 hv=0,0
10:08:13 tp raw=53,-50 out=63,-59 hv=0,0
10:08:13 tp raw=29,-22 out=29,-20 hv=0,0
10:08:13 tp raw=31,-25 out=32,-24 hv=0,0
10:08:13 tp raw=33,-26 out=35,-25 hv=0,0
10:08:13 tp raw=63,-38 out=77,-42 hv=0,0
10:08:13 tp raw=22,-16 out=20,-11 hv=0,0
10:08:13 tp raw=21,-13 out=18,-7 hv=0,0
10:08:13 tp raw=60,-36 out=73,-39 hv=0,0
10:08:13 tp raw=49,-33 out=57,-35 hv=0,0
10:08:13 tp raw=19,-7 out=15,-3 hv=0,0
10:08:13 tp raw=21,-10 out=18,-5 hv=0,0
10:08:13 tp raw=5,-6 out=0,-3 hv=0,0
10:08:13 tp raw=7,-5 out=3,0 hv=0,0
10:08:13 tp raw=8,-5 out=4,0 hv=0,0
10:08:13 tp raw=2,-4 out=0,0 hv=0,0
10:08:13 tp raw=0,-1 out=0,0 hv=0,0
10:08:13 tp raw=3,-2 out=0,0 hv=0,0
10:08:13 tp raw=2,-1 out=0,0 hv=0,0
10:08:13 tp raw=5,-4 out=0,0 hv=0,0
10:08:13 tp raw=2,-1 out=0,0 hv=0,0
10:08:13 tp raw=2,0 out=0,0 hv=0,0
10:08:13 tp raw=1,0 out=0,0 hv=0,0
10:08:13 tp raw=2,0 out=0,0 hv=0,0
10:08:13 tp raw=2,0 out=0,0 hv=0,0
10:08:13 tp raw=8,-5 out=4,0 hv=0,0
10:08:13 tp raw=11,-5 out=5,0 hv=0,0
10:08:13 tp raw=12,-12 out=6,-6 hv=0,0
10:08:13 tp raw=5,-6 out=0,-3 hv=0,0
10:08:13 tp raw=5,-9 out=0,-4 hv=0,0
10:08:13 tp raw=2,-6 out=0,-3 hv=0,0
10:08:13 tp raw=5,-10 out=0,-5 hv=0,0
10:08:13 tp raw=0,-5 out=0,0 hv=0,0
10:08:13 tp raw=2,-3 out=0,0 hv=0,0
10:08:13 tp raw=1,-2 out=0,0 hv=0,0
10:08:13 tp raw=0,-2 out=0,0 hv=0,0
10:08:13 tp raw=0,-3 out=0,0 hv=0,0
10:08:13 tp raw=0,-2 out=0,0 hv=0,0
10:08:13 tp raw=0,-1 out=0,0 hv=0,0
10:08:13 tp raw=-7,-3 out=-3,0 hv=0,0
10:08:13 tp raw=-5,0 out=0,0 hv=0,0
10:08:13 tp raw=-7,-4 out=-3,0 hv=0,0
10:08:13 tp raw=-6,-1 out=-3,0 hv=0,0
10:08:13 tp raw=-14,0 out=-8,0 hv=0,0
10:08:13 tp raw=-9,-2 out=-4,0 hv=0,0
10:08:13 tp raw=-5,0 out=0,0 hv=0,0
10:08:13 tp raw=-5,0 out=0,0 hv=0,0
10:08:13 tp raw=-7,-5 out=-3,0 hv=0,0
10:08:13 tp raw=-12,-2 out=-6,0 hv=0,0
10:08:13 tp raw=-8,-3 out=-4,0 hv=0,0
10:08:13 tp raw=-55,-11 out=-66,-5 hv=0,0
10:08:13 tp raw=-86,-18 out=-109,-14 hv=0,0
10:08:13 tp raw=-50,-7 out=-59,-3 hv=0,0
10:08:13 tp raw=-47,-7 out=-55,-3 hv=0,0
10:08:13 tp raw=-21,-1 out=-18,0 hv=0,0
10:08:13 tp raw=-24,-5 out=-22,0 hv=0,0
10:08:13 tp raw=-21,-2 out=-18,0 hv=0,0
10:08:13 tp raw=-49,-5 out=-57,0 hv=0,0
10:08:13 tp raw=-31,-1 out=-32,0 hv=0,0
10:08:13 tp raw=-33,-2 out=-35,0 hv=0,0
10:08:13 tp raw=-30,-2 out=-31,0 hv=0,0
10:08:13 tp raw=-59,0 out=-71,0 hv=0,0
10:08:13 tp raw=-30,5 out=-31,0 hv=0,0
10:08:13 tp raw=-23,2 out=-21,0 hv=0,0
10:08:13 tp raw=-37,3 out=-41,0 hv=0,0
10:08:13 tp raw=-54,7 out=-64,3 hv=0,0
10:08:13 tp raw=-25,5 out=-24,0 hv=0,0
10:08:13 tp raw=-24,1 out=-22,0 hv=0,0
10:08:13 tp raw=-29,2 out=-29,0 hv=0,0
10:08:13 tp raw=-23,2 out=-21,0 hv=0,0
10:08:13 tp raw=-51,1 out=-60,0 hv=0,0
10:08:13 tp raw=-21,2 out=-18,0 hv=0,0
10:08:13 tp raw=-35,11 out=-38,5 hv=0,0
10:08:13 tp raw=-18,4 out=-14,0 hv=0,0
10:08:13 tp raw=-18,3 out=-14,0 hv=0,0
10:08:13 tp raw=-16,2 out=-11,0 hv=0,0
10:08:13 tp raw=-55,9 out=-66,4 hv=0,0
10:08:13 tp raw=-24,12 out=-22,6 hv=0,0
10:08:13 tp raw=-24,8 out=-22,4 hv=0,0
10:08:13 tp raw=-15,13 out=-10,7 hv=0,0
10:08:13 tp raw=-7,7 out=-3,3 hv=0,0
10:08:13 tp raw=-3,10 out=0,5 hv=0,0
10:08:13 tp raw=-4,6 out=0,3 hv=0,0
10:08:13 tp raw=-8,15 out=-4,10 hv=0,0
10:08:13 tp raw=-4,7 out=0,3 hv=0,0
10:08:13 tp raw=-1,6 out=0,3 hv=0,0
10:08:13 tp raw=-6,7 out=-3,3 hv=0,0
10:08:13 tp raw=-5,20 out=0,17 hv=0,0
10:08:13 tp raw=0,8 out=0,4 hv=0,0
10:08:13 tp raw=0,8 out=0,4 hv=0,0
10:08:13 tp raw=0,10 out=0,5 hv=0,0
10:08:13 tp raw=-1,8 out=0,4 hv=0,0
10:08:13 tp raw=-2,20 out=0,17 hv=0,0
10:08:13 tp raw=0,7 out=0,3 hv=0,0
10:08:13 tp raw=0,8 out=0,4 hv=0,0
10:08:13 tp raw=0,8 out=0,4 hv=0,0
10:08:13 tp raw=-5,18 out=0,14 hv=0,0
10:08:13 tp raw=-2,8 out=0,4 hv=0,0
10:08:13 tp raw=-2,10 out=0,5 hv=0,0
10:08:13 tp raw=-3,12 out=0,6 hv=0,0
10:08:13 tp raw=-5,19 out=0,15 hv=0,0
10:08:13 tp raw=-5,15 out=0,10 hv=0,0
10:08:13 tp raw=-6,35 out=-3,38 hv=0,0
10:08:13 tp raw=-8,49 out=-4,57 hv=0,0
10:08:13 tp raw=-2,44 out=0,50 hv=0,0
10:08:13 tp raw=0,17 out=0,13 hv=0,0
10:08:13 tp raw=0,25 out=0,24 hv=0,0
10:08:13 tp raw=0,16 out=0,11 hv=0,0
10:08:13 tp raw=0,12 out=0,6 hv=0,0
10:08:13 tp raw=5,11 out=0,5 hv=0,0
10:08:13 tp raw=0,12 out=0,6 hv=0,0
10:08:13 tp raw=7,24 out=3,22 hv=0,0
10:08:13 tp raw=2,12 out=0,6 hv=0,0
10:08:13 tp raw=3,13 out=0,7 hv=0,0
10:08:13 tp raw=2,11 out=0,5 hv=0,0
10:08:13 tp raw=3,20 out=0,17 hv=0,0
10:08:13 tp raw=4,8 out=0,4 hv=0,0
10:08:13 tp raw=5,10 out=0,5 hv=0,0
10:08:13 tp raw=14,23 out=8,21 hv=0,0
10:08:13 tp raw=8,12 out=4,6 hv=0,0
10:08:13 tp raw=7,10 out=3,5 hv=0,0
10:08:13 tp raw=5,8 out=0,4 hv=0,0
10:08:13 tp raw=19,18 out=15,14 hv=0,0
10:08:13 tp raw=10,10 out=5,5 hv=0,0
10:08:13 tp raw=12,10 out=6,5 hv=0,0
10:08:13 tp raw=14,8 out=8,4 hv=0,0
10:08:13 tp raw=33,20 out=35,17 hv=0,0
10:08:13 tp raw=12,6 out=6,3 hv=0,0
10:08:13 tp raw=53,35 out=63,38 hv=0,0
10:08:13 tp raw=78,52 out=98,62 hv=0,0
10:08:13 tp raw=38,23 out=42,21 hv=0,0
10:08:13 tp raw=36,23 out=39,21 hv=0,0
10:08:13 tp raw=19,9 out=15,4 hv=0,0
10:08:13 tp raw=12,10 out=6,5 hv=0,0
10:08:13 tp raw=15,6 out=10,3 hv=0,0
10:08:13 tp raw=31,20 out=32,17 hv=0,0
10:08:13 tp raw=14,6 out=8,3 hv=0,0
10:08:13 tp raw=10,4 out=5,0 hv=0,0
10:08:13 tp raw=16,11 out=11,5 hv=0,0
10:08:13 tp raw=24,12 out=22,6 hv=0,0
10:08:13 tp raw=10,6 out=5,3 hv=0,0
10:08:13 tp raw=8,5 out=4,0 hv=0,0
10:08:13 tp raw=9,5 out=4,0 hv=0,0
10:08:13 tp raw=12,4 out=6,0 hv=0,0
10:08:13 tp raw=15,4 out=10,0 hv=0,0
10:08:13 tp raw=6,0 out=3,0 hv=0,0
10:08:13 tp raw=3,5 out=0,0 hv=0,0
10:08:13 tp raw=9,2 out=4,0 hv=0,0
10:08:13 tp raw=5,3 out=0,0 hv=0,0
10:08:13 tp raw=5,4 out=0,0 hv=0,0
10:08:13 tp raw=8,1 out=4,0 hv=0,0
10:08:13 tp raw=7,2 out=3,0 hv=0,0
10:08:13 tp raw=9,0 out=4,0 hv=0,0
10:08:13 tp raw=13,3 out=7,0 hv=0,0
10:08:13 tp raw=9,2 out=4,0 hv=0,0
10:08:13 tp raw=22,8 out=20,4 hv=0,0
10:08:13 tp raw=26,7 out=25,3 hv=0,0
10:08:13 tp raw=27,6 out=27,3 hv=0,0
10:08:13 tp raw=9,2 out=4,0 hv=0,0
10:08:13 tp raw=10,2 out=5,0 hv=0,0
10:08:13 tp raw=2,1 out=0,0 hv=0,0
10:08:13 tp raw=5,0 out=0,0 hv=0,0
10:08:13 tp raw=4,0 out=0,0 hv=0,0
10:08:13 tp raw=1,0 out=0,0 hv=0,0
10:08:13 tp raw=7,2 out=3,0 hv=0,0
10:08:13 tp raw=3,0 out=0,0 hv=0,0
10:08:13 tp raw=4,0 out=0,0 hv=0,0
10:08:13 tp raw=2,0 out=0,0 hv=0,0
10:08:13 tp raw=1,0 out=0,0 hv=0,0
10:08:13 tp raw=2,0 out=0,0 hv=0,0
10:08:13 tp raw=5,0 out=0,0 hv=0,0
10:08:13 tp raw=4,0 out=0,0 hv=0,0
10:08:13 tp raw=1,-5 out=0,0 hv=0,0
10:08:13 tp raw=2,-2 out=0,0 hv=0,0
10:08:13 tp raw=3,-1 out=0,0 hv=0,0
10:08:13 tp raw=4,-2 out=0,0 hv=0,0
10:08:13 tp raw=5,-2 out=0,0 hv=0,0
10:08:13 tp raw=5,-1 out=0,0 hv=0,0
10:08:13 tp raw=5,-4 out=0,0 hv=0,0
10:08:13 tp raw=14,-5 out=8,0 hv=0,0
10:08:13 tp raw=9,-1 out=4,0 hv=0,0
10:08:13 tp raw=6,-2 out=3,0 hv=0,0
10:08:13 tp raw=2,0 out=0,0 hv=0,0
10:08:13 tp raw=2,-2 out=0,0 hv=0,0
10:08:13 tp raw=0,-1 out=0,0 hv=0,0
10:08:13 tp raw=2,-2 out=0,0 hv=0,0
10:08:13 tp raw=3,-1 out=0,0 hv=0,0
10:08:13 tp raw=0,-2 out=0,0 hv=0,0
10:08:13 tp raw=0,-2 out=0,0 hv=0,0
10:08:13 tp raw=0,-5 out=0,0 hv=0,0
10:08:13 tp raw=2,-3 out=0,0 hv=0,0
10:08:13 tp raw=1,-2 out=0,0 hv=0,0
10:08:13 tp raw=0,-1 out=0,0 hv=0,0
10:08:13 tp raw=0,-4 out=0,0 hv=0,0
10:08:13 tp raw=0,-1 out=0,0 hv=0,0
10:08:13 tp raw=-5,-2 out=0,0 hv=0,0
10:08:13 tp raw=0,-5 out=0,0 hv=0,0
10:08:13 tp raw=0,-3 out=0,0 hv=0,0
10:08:13 tp raw=7,-7 out=3,-3 hv=0,0
10:08:13 tp raw=2,-6 out=0,-3 hv=0,0
10:08:13 tp raw=0,-7 out=0,-3 hv=0,0
10:08:13 tp raw=3,-5 out=0,0 hv=0,0
10:08:13 tp raw=4,-11 out=0,-5 hv=0,0
10:08:13 tp raw=1,-20 out=0,-17 hv=0,0
10:08:13 tp raw=0,-7 out=0,-3 hv=0,0
10:08:13 tp raw=0,-9 out=0,-4 hv=0,0
10:08:13 tp raw=-6,-19 out=-3,-15 hv=0,0
10:08:13 tp raw=-4,-42 out=0,-48 hv=0,0
10:08:13 tp raw=0,-18 out=0,-14 hv=0,0
10:08:13 tp raw=0,-17 out=0,-13 hv=0,0
10:08:13 tp raw=-3,-8 out=0,-4 hv=0,0
10:08:13 tp raw=-5,-12 out=0,-6 hv=0,0
10:08:13 tp raw=-7,-6 out=-3,-3 hv=0,0
10:08:13 tp raw=-12,-20 out=-6,-17 hv=0,0
10:08:13 tp raw=0,-8 out=0,-4 hv=0,0
10:08:13 tp raw=0,-12 out=0,-6 hv=0,0
10:08:13 tp raw=-4,-9 out=0,-4 hv=0,0
10:08:13 tp raw=-7,-15 out=-3,-10 hv=0,0
10:08:13 tp raw=-5,-12 out=0,-6 hv=0,0
10:08:13 tp raw=-3,-8 out=0,-4 hv=0,0
10:08:13 tp raw=-4,-8 out=0,-4 hv=0,0
10:08:14 tp raw=0,-5 out=0,0 hv=0,0
10:08:14 tp raw=0,-17 out=0,-13 hv=0,0
10:08:14 tp raw=-1,-6 out=0,-3 hv=0,0
10:08:14 tp raw=0,-5 out=0,0 hv=0,0
10:08:14 tp raw=0,-7 out=0,-3 hv=0,0
10:08:14 tp raw=-4,-11 out=0,-5 hv=0,0
10:08:14 tp raw=-3,-3 out=0,0 hv=0,0
10:08:14 tp raw=-2,-5 out=0,0 hv=0,0
10:08:14 tp raw=-2,-5 out=0,0 hv=0,0
10:08:14 tp raw=-1,-5 out=0,0 hv=0,0
10:08:14 tp raw=-2,-2 out=0,0 hv=0,0
10:08:14 tp raw=-2,-2 out=0,0 hv=0,0
10:08:14 tp raw=-10,-11 out=-5,-5 hv=0,0
10:08:14 tp raw=-5,-7 out=0,-3 hv=0,0
10:08:14 tp raw=-10,-3 out=-5,0 hv=0,0
10:08:14 tp raw=-2,-3 out=0,0 hv=0,0
10:08:14 tp raw=0,-2 out=0,0 hv=0,0
10:08:14 tp raw=-2,-2 out=0,0 hv=0,0
10:08:14 tp raw=-3,0 out=0,0 hv=0,0
10:08:14 tp raw=-5,-1 out=0,0 hv=0,0
10:08:14 tp raw=-2,-2 out=0,0 hv=0,0
10:08:14 tp raw=-2,-3 out=0,0 hv=0,0
10:08:14 tp raw=-3,-3 out=0,0 hv=0,0
10:08:14 tp raw=0,-2 out=0,0 hv=0,0
10:08:14 tp raw=0,-2 out=0,0 hv=0,0
10:08:14 tp raw=0,-1 out=0,0 hv=0,0
10:08:14 tp raw=0,-2 out=0,0 hv=0,0
10:08:14 tp raw=0,-2 out=0,0 hv=0,0
10:08:14 tp raw=-5,-5 out=0,0 hv=0,0
10:08:14 tp raw=0,-3 out=0,0 hv=0,0
10:08:14 tp raw=-4,-2 out=0,0 hv=0,0
10:08:14 tp raw=-1,-1 out=0,0 hv=0,0
10:08:14 tp raw=-2,-5 out=0,0 hv=0,0
10:08:14 tp raw=-4,-7 out=0,-3 hv=0,0
10:08:14 tp raw=0,-1 out=0,0 hv=0,0
10:08:14 tp raw=-1,-4 out=0,0 hv=0,0
10:08:14 tp raw=-2,-1 out=0,0 hv=0,0
10:08:14 tp raw=0,-2 out=0,0 hv=0,0
10:08:14 tp raw=-2,-3 out=0,0 hv=0,0
10:08:14 tp raw=-7,-5 out=-3,0 hv=0,0
10:08:14 tp raw=-6,0 out=-3,0 hv=0,0
10:08:14 tp raw=0,-2 out=0,0 hv=0,0
10:08:14 tp raw=5,5 out=0,0 hv=0,0
10:08:14 tp raw=3,2 out=0,0 hv=0,0
10:08:14 tp raw=0,1 out=0,0 hv=0,0
10:08:14 tp raw=0,4 out=0,0 hv=0,0
10:08:14 tp raw=2,3 out=0,0 hv=0,0
10:08:14 tp raw=0,2 out=0,0 hv=0,0
10:08:14 tp raw=-5,0 out=0,0 hv=0,0
10:08:14 tp raw=-4,0 out=0,0 hv=0,0
10:08:14 tp raw=-3,1 out=0,0 hv=0,0
10:08:14 tp raw=0,2 out=0,0 hv=0,0
10:08:14 tp raw=-4,0 out=0,0 hv=0,0
10:08:14 tp raw=4,0 out=0,0 hv=0,0
10:08:14 tp raw=0,2 out=0,0 hv=0,0
10:08:14 tp raw=0,5 out=0,0 hv=0,0
10:08:14 tp raw=0,1 out=0,0 hv=0,0
10:08:14 tp raw=0,3 out=0,0 hv=0,0
10:08:14 tp raw=2,5 out=0,0 hv=0,0
10:08:14 tp raw=1,2 out=0,0 hv=0,0
10:08:14 tp raw=2,3 out=0,0 hv=0,0
10:08:14 tp raw=0,5 out=0,0 hv=0,0
10:08:14 tp raw=0,5 out=0,0 hv=0,0
10:08:14 tp raw=0,2 out=0,0 hv=0,0
10:08:14 tp raw=0,6 out=0,3 hv=0,0
10:08:14 tp raw=0,4 out=0,0 hv=0,0
10:08:14 tp raw=2,5 out=0,0 hv=0,0
10:08:14 tp raw=0,5 out=0,0 hv=0,0
10:08:14 tp raw=0,6 out=0,3 hv=0,0
10:08:14 tp raw=0,8 out=0,4 hv=0,0
10:08:14 tp raw=0,5 out=0,0 hv=0,0
10:08:14 tp raw=1,2 out=0,0 hv=0,0
10:08:14 tp raw=4,3 out=0,0 hv=0,0
10:08:14 tp raw=3,2 out=0,0 hv=0,0
10:08:14 tp raw=2,5 out=0,0 hv=0,0
10:08:14 tp raw=0,2 out=0,0 hv=0,0
10:08:14 tp raw=0,3 out=0,0 hv=0,0
10:08:14 tp raw=0,1 out=0,0 hv=0,0
10:08:14 tp raw=0,2 out=0,0 hv=0,0
10:08:14 tp raw=0,2 out=0,0 hv=0,0
10:08:14 tp raw=2,0 out=0,0 hv=0,0
10:08:14 tp raw=1,0 out=0,0 hv=0,0
10:08:14 tp raw=2,0 out=0,0 hv=0,0
10:08:14 tp raw=-5,-5 out=0,0 hv=0,0
10:08:14 tp raw=-2,0 out=0,0 hv=0,0
10:08:14 tp raw=0,5 out=0,0 hv=0,0
10:08:14 tp raw=0,1 out=0,0 hv=0,0
10:08:14 tp raw=0,2 out=0,0 hv=0,0
10:08:14 tp raw=0,5 out=0,0 hv=0,0
10:08:14 tp raw=5,2 out=0,0 hv=0,0
10:08:14 tp raw=-10,0 out=-5,0 hv=0,0
10:08:14 tp raw=-7,-3 out=-3,0 hv=0,0
10:08:14 tp raw=-7,-5 out=-3,0 hv=0,0
10:08:14 tp raw=-6,-2 out=-3,0 hv=0,0
10:08:14 tp raw=-11,0 out=-5,0 hv=0,0
10:08:14 tp raw=-6,-2 out=-3,0 hv=0,0
10:08:14 tp raw=-7,-1 out=-3,0 hv=0,0
10:08:14 tp raw=-28,-10 out=-28,-5 hv=0,0
10:08:14 tp raw=-10,-2 out=-5,0 hv=0,0
10:08:14 tp raw=-9,-5 out=-4,0 hv=0,0
10:08:14 tp raw=-6,-3 out=-3,0 hv=0,0
10:08:14 tp raw=-26,-7 out=-25,-3 hv=0,0
10:08:14 tp raw=-12,-9 out=-6,-4 hv=0,0
10:08:14 tp raw=-10,-7 out=-5,-3 hv=0,0
10:08:14 tp raw=-31,-30 out=-32,-31 hv=0,0
10:08:14 tp raw=-38,-26 out=-42,-25 hv=0,0
10:08:14 tp raw=-26,-38 out=-25,-42 hv=0,0
10:08:14 tp raw=-12,-11 out=-6,-5 hv=0,0
10:08:14 tp raw=-8,-12 out=-4,-6 hv=0,0
10:08:14 tp raw=-7,-10 out=-3,-5 hv=0,0
10:08:14 tp raw=-9,-10 out=-4,-5 hv=0,0
10:08:14 tp raw=-13,-18 out=-7,-14 hv=0,0
10:08:14 tp raw=-9,-10 out=-4,-5 hv=0,0
10:08:14 tp raw=-5,-9 out=0,-4 hv=0,0
10:08:14 tp raw=-5,-9 out=0,-4 hv=0,0
10:08:14 tp raw=-9,-16 out=-4,-11 hv=0,0
10:08:14 tp raw=-7,-8 out=-3,-4 hv=0,0
10:08:14 tp raw=-5,-10 out=0,-5 hv=0,0
10:08:14 tp raw=-5,-8 out=0,-4 hv=0,0
10:08:14 tp raw=-5,-5 out=0,0 hv=0,0
10:08:14 tp raw=-10,-15 out=-5,-10 hv=0,0
10:08:14 tp raw=-4,-8 out=0,-4 hv=0,0
10:08:14 tp raw=-1,-7 out=0,-3 hv=0,0
10:08:14 tp raw=-4,-6 out=0,-3 hv=0,0
10:08:14 tp raw=-3,-10 out=0,-5 hv=0,0
10:08:14 tp raw=-5,-5 out=0,0 hv=0,0
10:08:14 tp raw=-5,-5 out=0,0 hv=0,0
10:08:14 tp raw=-4,-7 out=0,-3 hv=0,0
10:08:14 tp raw=-3,-5 out=0,0 hv=0,0
10:08:14 tp raw=-4,-8 out=0,-4 hv=0,0
10:08:14 tp raw=-1,-3 out=0,0 hv=0,0
10:08:14 tp raw=-4,-13 out=0,-7 hv=0,0
10:08:14 tp raw=-3,-10 out=0,-5 hv=0,0
10:08:14 tp raw=-4,-10 out=0,-5 hv=0,0
10:08:15 tp raw=-1,-3 out=0,0 hv=0,0
10:08:15 tp raw=0,-5 out=0,0 hv=0,0
10:08:15 tp raw=0,-2 out=0,0 hv=0,0
10:08:15 tp raw=6,-3 out=3,0 hv=0,0
10:08:15 tp raw=4,-4 out=0,0 hv=0,0
10:08:15 tp raw=2,-1 out=0,0 hv=0,0
10:08:15 tp raw=0,-5 out=0,0 hv=0,0
10:08:15 tp raw=0,-2 out=0,0 hv=0,0
10:08:15 tp raw=0,-3 out=0,0 hv=0,0
10:08:15 tp raw=1,-5 out=0,0 hv=0,0
10:08:15 tp raw=7,-10 out=3,-5 hv=0,0
10:08:15 tp raw=7,-5 out=3,0 hv=0,0
10:08:15 tp raw=7,-5 out=3,0 hv=0,0
10:08:15 tp raw=8,-3 out=4,0 hv=0,0
10:08:15 tp raw=16,-8 out=11,-4 hv=0,0
10:08:15 tp raw=8,-9 out=4,-4 hv=0,0
10:08:15 tp raw=9,-8 out=4,-4 hv=0,0
10:08:15 tp raw=8,-6 out=4,-3 hv=0,0
10:08:15 tp raw=7,-7 out=3,-3 hv=0,0
10:08:15 tp raw=16,-16 out=11,-11 hv=0,0
10:08:15 tp raw=5,-5 out=0,0 hv=0,0
10:08:15 tp raw=10,-7 out=5,-3 hv=0,0
10:08:15 tp raw=17,-15 out=13,-10 hv=0,0
10:08:15 tp raw=31,-24 out=32,-22 hv=0,0
10:08:15 tp raw=33,-17 out=35,-13 hv=0,0
10:08:15 tp raw=46,-21 out=53,-18 hv=0,0
10:08:15 tp raw=15,-5 out=10,0 hv=0,0
10:08:15 tp raw=14,-5 out=8,0 hv=0,0
10:08:15 tp raw=46,-13 out=53,-7 hv=0,0
10:08:15 tp raw=17,-5 out=13,0 hv=0,0
10:08:15 tp raw=18,-8 out=14,-4 hv=0,0
10:08:15 tp raw=15,-5 out=10,0 hv=0,0
10:08:15 tp raw=43,-7 out=49,-3 hv=0,0
10:08:15 tp raw=20,-5 out=17,0 hv=0,0
10:08:15 tp raw=16,-3 out=11,0 hv=0,0
10:08:15 tp raw=17,-2 out=13,0 hv=0,0
10:08:15 tp raw=14,-5 out=8,0 hv=0,0
10:08:15 tp raw=24,-3 out=22,0 hv=0,0
10:08:15 tp raw=15,0 out=10,0 hv=0,0
10:08:15 tp raw=10,0 out=5,0 hv=0,0
10:08:15 tp raw=7,0 out=3,0 hv=0,0
10:08:15 tp raw=5,0 out=0,0 hv=0,0
10:08:15 tp raw=9,10 out=4,5 hv=0,0
10:08:15 tp raw=3,0 out=0,0 hv=0,0
10:08:15 tp raw=7,2 out=3,0 hv=0,0
10:08:15 tp raw=3,3 out=0,0 hv=0,0
10:08:15 tp raw=6,2 out=3,0 hv=0,0
10:08:15 tp raw=0,3 out=0,0 hv=0,0
10:08:15 tp raw=0,1 out=0,0 hv=0,0
10:08:15 tp raw=0,2 out=0,0 hv=0,0
10:08:15 tp raw=-7,2 out=-3,0 hv=0,0
10:08:15 tp raw=7,15 out=3,10 hv=0,0
10:08:15 tp raw=1,11 out=0,5 hv=0,0
10:08:15 tp raw=7,12 out=3,6 hv=0,0
10:08:15 tp raw=2,11 out=0,5 hv=0,0
10:08:15 tp raw=3,10 out=0,5 hv=0,0
10:08:15 tp raw=5,15 out=0,10 hv=0,0
10:08:15 tp raw=7,28 out=3,28 hv=0,0
10:08:15 tp raw=4,16 out=0,11 hv=0,0
10:08:15 tp raw=3,20 out=0,17 hv=0,0
10:08:15 tp raw=9,21 out=4,18 hv=0,0
10:08:15 tp raw=22,38 out=20,42 hv=0,0
10:08:17 tp raw=0,-8 out=0,-4 hv=0,0
10:08:17 tp raw=0,-6 out=0,-3 hv=0,0
10:08:17 tp raw=0,-7 out=0,-3 hv=0,0
10:08:17 tp raw=1,-10 out=0,-5 hv=0,0
10:08:17 tp raw=0,-8 out=0,-4 hv=0,0
10:08:17 tp raw=6,-18 out=3,-14 hv=0,0
10:08:17 tp raw=8,-15 out=4,-10 hv=0,0
10:08:17 tp raw=9,-21 out=4,-18 hv=0,0
10:08:17 tp raw=3,-9 out=0,-4 hv=0,0
10:08:17 tp raw=4,-19 out=0,-15 hv=0,0
10:08:17 tp raw=0,-10 out=0,-5 hv=0,0
10:08:17 tp raw=0,-8 out=0,-4 hv=0,0
10:08:17 tp raw=3,-9 out=0,-4 hv=0,0
10:08:17 tp raw=2,-10 out=0,-5 hv=0,0
10:08:17 tp raw=8,-19 out=4,-15 hv=0,0
10:08:17 tp raw=4,-7 out=0,-3 hv=0,0
10:08:17 tp raw=3,-13 out=0,-7 hv=0,0
10:08:17 tp raw=5,-12 out=0,-6 hv=0,0
10:08:17 tp raw=11,-24 out=5,-22 hv=0,0
10:08:17 tp raw=8,-10 out=4,-5 hv=0,0
10:08:17 tp raw=5,-12 out=0,-6 hv=0,0
10:08:17 tp raw=5,-9 out=0,-4 hv=0,0
10:08:17 tp raw=4,-15 out=0,-10 hv=0,0
10:08:17 tp raw=15,-27 out=10,-27 hv=0,0
10:08:17 tp raw=10,-13 out=5,-7 hv=0,0
10:08:17 tp raw=11,-18 out=5,-14 hv=0,0
10:08:17 tp raw=10,-15 out=5,-10 hv=0,0
10:08:17 tp raw=15,-31 out=10,-32 hv=0,0
10:08:17 tp raw=7,-13 out=3,-7 hv=0,0
10:08:17 tp raw=7,-12 out=3,-6 hv=0,0
10:08:17 tp raw=5,-11 out=0,-5 hv=0,0
10:08:17 tp raw=14,-33 out=8,-35 hv=0,0
10:08:17 tp raw=9,-18 out=4,-14 hv=0,0
10:08:17 tp raw=5,-25 out=0,-24 hv=0,0
10:08:17 tp raw=8,-23 out=4,-21 hv=0,0
10:08:17 tp raw=2,-8 out=0,-4 hv=0,0
10:08:17 tp raw=0,-15 out=0,-10 hv=0,0
10:08:17 tp raw=0,-8 out=0,-4 hv=0,0
10:08:17 tp raw=0,-7 out=0,-3 hv=0,0
10:08:17 tp raw=2,-9 out=0,-4 hv=0,0
10:08:17 tp raw=7,-17 out=3,-13 hv=0,0
10:08:17 tp raw=3,-6 out=0,-3 hv=0,0
10:08:17 tp raw=2,-5 out=0,0 hv=0,0
10:08:17 tp raw=1,-5 out=0,0 hv=0,0
10:08:17 tp raw=0,-5 out=0,0 hv=0,0
10:08:17 tp raw=4,-10 out=0,-5 hv=0,0
10:08:17 tp raw=3,-5 out=0,0 hv=0,0
10:08:17 tp raw=4,-3 out=0,0 hv=0,0
10:08:17 tp raw=0,-4 out=0,0 hv=0,0
10:08:17 tp raw=1,-3 out=0,0 hv=0,0
10:08:17 tp raw=6,-5 out=3,0 hv=0,0
10:08:17 tp raw=3,-1 out=0,0 hv=0,0
10:08:17 tp raw=2,-2 out=0,0 hv=0,0
10:08:17 tp raw=1,0 out=0,0 hv=0,0
10:08:17 tp raw=-5,-7 out=0,-3 hv=0,0
10:08:17 tp raw=5,0 out=0,0 hv=0,0
10:08:17 tp raw=0,-5 out=0,0 hv=0,0
10:08:17 tp raw=0,-5 out=0,0 hv=0,0
10:08:17 tp raw=2,-1 out=0,0 hv=0,0
10:08:17 tp raw=0,-7 out=0,-3 hv=0,0
10:08:17 tp raw=-5,-8 out=0,-4 hv=0,0
10:08:17 tp raw=10,-15 out=5,-10 hv=0,0
10:08:17 tp raw=5,-3 out=0,0 hv=0,0
10:08:17 tp raw=4,-8 out=0,-4 hv=0,0
10:08:17 tp raw=3,-9 out=0,-4 hv=0,0
10:08:17 tp raw=9,-16 out=4,-11 hv=0,0
10:08:17 tp raw=5,-8 out=0,-4 hv=0,0
10:08:17 tp raw=3,-7 out=0,-3 hv=0,0
10:08:17 tp raw=4,-8 out=0,-4 hv=0,0
10:08:17 tp raw=1,-16 out=0,-11 hv=0,0
10:08:17 tp raw=0,-9 out=0,-4 hv=0,0
10:08:17 tp raw=0,-8 out=0,-4 hv=0,0
10:08:17 tp raw=0,-8 out=0,-4 hv=0,0
10:08:17 tp raw=0,-8 out=0,-4 hv=0,0
10:08:17 tp raw=0,-15 out=0,-10 hv=0,0
10:08:17 tp raw=0,-7 out=0,-3 hv=0,0
10:08:17 tp raw=0,-11 out=0,-5 hv=0,0
10:08:17 tp raw=2,-18 out=0,-14 hv=0,0
10:08:17 tp raw=-7,-22 out=-3,-20 hv=0,0
10:08:17 tp raw=-3,-21 out=0,-18 hv=0,0
10:08:17 tp raw=-12,-45 out=-6,-52 hv=0,0
10:08:17 tp raw=-2,-11 out=0,-5 hv=0,0
10:08:17 tp raw=-20,-33 out=-17,-35 hv=0,0
10:08:17 tp raw=-7,-10 out=-3,-5 hv=0,0
10:08:17 tp raw=-7,-10 out=-3,-5 hv=0,0
10:08:17 tp raw=-7,-10 out=-3,-5 hv=0,0
10:08:17 tp raw=-12,-23 out=-6,-21 hv=0,0
10:08:17 tp raw=-5,-8 out=0,-4 hv=0,0
10:08:17 tp raw=-7,-10 out=-3,-5 hv=0,0
10:08:17 tp raw=-8,-10 out=-4,-5 hv=0,0
10:08:17 tp raw=-9,-11 out=-4,-5 hv=0,0
10:08:17 tp raw=-19,-18 out=-15,-14 hv=0,0
10:08:17 tp raw=-8,-8 out=-4,-4 hv=0,0
10:08:17 tp raw=-7,-7 out=-3,-3 hv=0,0
10:08:17 tp raw=-9,-15 out=-4,-10 hv=0,0
10:08:17 tp raw=-20,-23 out=-17,-21 hv=0,0
10:08:17 tp raw=-9,-11 out=-4,-5 hv=0,0
10:08:17 tp raw=-7,-12 out=-3,-6 hv=0,0
10:08:17 tp raw=-10,-15 out=-5,-10 hv=0,0
10:08:17 tp raw=-22,-24 out=-20,-22 hv=0,0
10:08:17 tp raw=-9,-10 out=-4,-5 hv=0,0
10:08:17 tp raw=-10,-13 out=-5,-7 hv=0,0
10:08:17 tp raw=-10,-17 out=-5,-13 hv=0,0
10:08:17 tp raw=-21,-23 out=-18,-21 hv=0,0
10:08:17 tp raw=-21,-23 out=-18,-21 hv=0,0
10:08:17 tp raw=-17,-16 out=-13,-11 hv=0,0
10:08:17 tp raw=-39,-22 out=-43,-20 hv=0,0
10:08:17 tp raw=-7,-5 out=-3,0 hv=0,0
10:08:17 tp raw=-22,-14 out=-20,-8 hv=0,0
10:08:17 tp raw=-9,-4 out=-4,0 hv=0,0
10:08:17 tp raw=-12,-3 out=-6,0 hv=0,0
10:08:17 tp raw=-8,-3 out=-4,0 hv=0,0
10:08:17 tp raw=-7,-4 out=-3,0 hv=0,0
10:08:17 tp raw=-7,-4 out=-3,0 hv=0,0
10:08:17 tp raw=-5,-4 out=0,0 hv=0,0
10:08:17 tp raw=-7,-1 out=-3,0 hv=0,0
10:08:17 tp raw=-7,-4 out=-3,0 hv=0,0
10:08:17 tp raw=-17,-5 out=-13,0 hv=0,0
10:08:17 tp raw=-7,-3 out=-3,0 hv=0,0
10:08:17 tp raw=-7,-2 out=-3,0 hv=0,0
10:08:17 tp raw=-5,-1 out=0,0 hv=0,0
10:08:17 tp raw=-10,-3 out=-5,0 hv=0,0
10:08:17 tp raw=-4,0 out=0,0 hv=0,0
10:08:17 tp raw=-3,-2 out=0,0 hv=0,0
10:08:17 tp raw=-2,0 out=0,0 hv=0,0
10:08:17 tp raw=-1,0 out=0,0 hv=0,0
10:08:17 tp raw=-7,-2 out=-3,0 hv=0,0
10:08:17 tp raw=-2,0 out=0,0 hv=0,0
10:08:17 tp raw=-2,0 out=0,0 hv=0,0
10:08:17 tp raw=-3,0 out=0,0 hv=0,0
10:08:17 tp raw=-2,0 out=0,0 hv=0,0
10:08:17 tp raw=-3,0 out=0,0 hv=0,0
10:08:17 tp raw=-2,0 out=0,0 hv=0,0
10:08:17 tp raw=0,10 out=0,5 hv=0,0
10:08:18 tp raw=-7,5 out=-3,0 hv=0,0
10:08:18 tp raw=-1,2 out=0,0 hv=0,0
10:08:18 tp raw=-2,3 out=0,0 hv=0,0
10:08:18 tp raw=0,2 out=0,0 hv=0,0
10:08:18 tp raw=5,1 out=0,0 hv=0,0
10:08:18 tp raw=0,8 out=0,4 hv=0,0
10:08:18 tp raw=0,4 out=0,0 hv=0,0
10:08:18 tp raw=-5,5 out=0,0 hv=0,0
10:08:18 tp raw=-2,5 out=0,0 hv=0,0
10:08:18 tp raw=-3,6 out=0,3 hv=0,0
10:08:18 tp raw=-9,20 out=-4,17 hv=0,0
10:08:18 tp raw=-5,10 out=0,5 hv=0,0
10:08:18 tp raw=-3,13 out=0,7 hv=0,0
10:08:18 tp raw=-4,15 out=0,10 hv=0,0
10:08:18 tp raw=-7,26 out=-3,25 hv=0,0
10:08:18 tp raw=-1,17 out=0,13 hv=0,0
10:08:18 tp raw=-4,18 out=0,14 hv=0,0
10:08:18 tp raw=-3,16 out=0,11 hv=0,0
10:08:18 tp raw=-4,41 out=0,46 hv=0,0
10:08:18 tp raw=-1,20 out=0,17 hv=0,0
10:08:18 tp raw=0,18 out=0,14 hv=0,0
10:08:18 tp raw=-2,20 out=0,17 hv=0,0
10:08:18 tp raw=0,16 out=0,11 hv=0,0
10:08:18 tp raw=0,40 out=0,45 hv=0,0
10:08:18 tp raw=0,49 out=0,57 hv=0,0
10:08:18 tp raw=7,59 out=3,71 hv=0,0
10:08:18 tp raw=12,56 out=6,67 hv=0,0
10:08:18 tp raw=3,18 out=0,14 hv=0,0
10:08:18 tp raw=5,31 out=0,32 hv=0,0
10:08:18 tp raw=4,19 out=0,15 hv=0,0
10:08:18 tp raw=1,16 out=0,11 hv=0,0
10:08:18 tp raw=4,15 out=0,10 hv=0,0
10:08:18 tp raw=3,28 out=0,28 hv=0,0
10:08:18 tp raw=9,13 out=4,7 hv=0,0
10:08:18 tp raw=7,15 out=3,10 hv=0,0
10:08:18 tp raw=6,19 out=3,15 hv=0,0
10:08:18 tp raw=4,14 out=0,8 hv=0,0
10:08:18 tp raw=3,8 out=0,4 hv=0,0
10:08:18 tp raw=2,8 out=0,4 hv=0,0
10:08:18 tp raw=2,10 out=0,5 hv=0,0
10:08:18 tp raw=3,15 out=0,10 hv=0,0
10:08:18 tp raw=5,6 out=0,3 hv=0,0
10:08:18 tp raw=4,5 out=0,0 hv=0,0
10:08:18 tp raw=1,7 out=0,3 hv=0,0
10:08:18 tp raw=12,11 out=6,5 hv=0,0
10:08:18 tp raw=4,7 out=0,3 hv=0,0
10:08:18 tp raw=3,5 out=0,0 hv=0,0
10:08:18 tp raw=5,8 out=0,4 hv=0,0
10:08:18 tp raw=4,7 out=0,3 hv=0,0
10:08:18 tp raw=14,14 out=8,8 hv=0,0
10:08:18 tp raw=13,22 out=7,20 hv=0,0
10:08:18 tp raw=17,26 out=13,25 hv=0,0
10:08:18 tp raw=28,30 out=28,31 hv=0,0
10:08:18 tp raw=7,11 out=3,5 hv=0,0
10:08:18 tp raw=7,13 out=3,7 hv=0,0
10:08:18 tp raw=15,25 out=10,24 hv=0,0
10:08:18 tp raw=5,12 out=0,6 hv=0,0
10:08:18 tp raw=7,13 out=3,7 hv=0,0
10:08:18 tp raw=12,26 out=6,25 hv=0,0
10:08:18 tp raw=5,15 out=0,10 hv=0,0
10:08:18 tp raw=7,15 out=3,10 hv=0,0
10:08:18 tp raw=7,13 out=3,7 hv=0,0
10:08:18 tp raw=5,11 out=0,5 hv=0,0
10:08:18 tp raw=5,25 out=0,24 hv=0,0
10:08:18 tp raw=2,12 out=0,6 hv=0,0
10:08:18 tp raw=3,11 out=0,5 hv=0,0
10:08:18 tp raw=4,10 out=0,5 hv=0,0
10:08:18 tp raw=6,16 out=3,11 hv=0,0
10:08:18 tp raw=4,7 out=0,3 hv=0,0
10:08:18 tp raw=2,8 out=0,4 hv=0,0
10:08:18 tp raw=1,7 out=0,3 hv=0,0
10:08:18 tp raw=4,8 out=0,4 hv=0,0
10:08:18 tp raw=7,10 out=3,5 hv=0,0
10:08:18 tp raw=1,3 out=0,0 hv=0,0
10:08:18 tp raw=2,3 out=0,0 hv=0,0
10:08:18 tp raw=0,4 out=0,0 hv=0,0
10:08:18 tp raw=0,1 out=0,0 hv=0,0
10:08:18 tp raw=5,9 out=0,4 hv=0,0
10:08:18 tp raw=4,1 out=0,0 hv=0,0
10:08:18 tp raw=1,0 out=0,0 hv=0,0
10:08:18 tp raw=0,-5 out=0,0 hv=0,0
10:08:18 tp raw=4,0 out=0,0 hv=0,0
10:08:18 tp raw=1,0 out=0,0 hv=0,0
10:08:18 tp raw=2,0 out=0,0 hv=0,0
10:08:18 tp raw=0,-1 out=0,0 hv=0,0
10:08:18 tp raw=4,-4 out=0,0 hv=0,0
10:08:18 tp raw=0,-1 out=0,0 hv=0,0
10:08:18 tp raw=3,0 out=0,0 hv=0,0
10:08:18 tp raw=2,-2 out=0,0 hv=0,0
10:08:18 tp raw=1,-2 out=0,0 hv=0,0
10:08:18 tp raw=4,-1 out=0,0 hv=0,0
10:08:18 tp raw=2,-5 out=0,0 hv=0,0
10:08:18 tp raw=1,-2 out=0,0 hv=0,0
10:08:18 tp raw=4,-1 out=0,0 hv=0,0
10:08:18 tp raw=5,-2 out=0,0 hv=0,0
10:08:18 tp raw=3,-2 out=0,0 hv=0,0
10:08:18 tp raw=7,-6 out=3,-3 hv=0,0
10:08:18 tp raw=5,-2 out=0,0 hv=0,0
10:08:18 tp raw=4,-5 out=0,0 hv=0,0
10:08:18 tp raw=3,-5 out=0,0 hv=0,0
10:08:18 tp raw=9,-3 out=4,0 hv=0,0
10:08:18 tp raw=13,-5 out=7,0 hv=0,0
10:08:18 tp raw=17,-10 out=13,-5 hv=0,0
10:08:18 tp raw=11,-18 out=5,-14 hv=0,0
10:08:18 tp raw=8,-21 out=4,-18 hv=0,0
10:08:18 tp raw=4,-7 out=0,-3 hv=0,0
10:08:18 tp raw=1,-5 out=0,0 hv=0,0
10:08:18 tp raw=4,-8 out=0,-4 hv=0,0
10:08:18 tp raw=5,-15 out=0,-10 hv=0,0
10:08:18 tp raw=0,-10 out=0,-5 hv=0,0
10:08:18 tp raw=0,-6 out=0,-3 hv=0,0
10:08:18 tp raw=0,-12 out=0,-6 hv=0,0
10:08:18 tp raw=3,-16 out=0,-11 hv=0,0
10:08:18 tp raw=0,-7 out=0,-3 hv=0,0
10:08:18 tp raw=2,-5 out=0,0 hv=0,0
10:08:18 tp raw=2,-8 out=0,-4 hv=0,0
10:08:18 tp raw=0,-12 out=0,-6 hv=0,0
10:08:18 tp raw=5,-19 out=0,-15 hv=0,0
10:08:18 tp raw=2,-10 out=0,-5 hv=0,0
10:08:18 tp raw=0,-10 out=0,-5 hv=0,0
10:08:18 tp raw=0,-18 out=0,-14 hv=0,0
10:08:18 tp raw=0,-13 out=0,-7 hv=0,0
10:08:18 tp raw=0,-8 out=0,-4 hv=0,0
10:08:18 tp raw=0,-10 out=0,-5 hv=0,0
10:08:18 tp raw=0,-9 out=0,-4 hv=0,0
10:08:18 tp raw=0,-23 out=0,-21 hv=0,0
10:08:18 tp raw=0,-9 out=0,-4 hv=0,0
10:08:18 tp raw=0,-9 out=0,-4 hv=0,0
10:08:18 tp raw=0,-31 out=0,-32 hv=0,0
10:08:18 tp raw=0,-39 out=0,-43 hv=0,0
10:08:18 tp raw=-5,-17 out=0,-13 hv=0,0
10:08:18 tp raw=0,-16 out=0,-11 hv=0,0
10:08:18 tp raw=-4,-9 out=0,-4 hv=0,0
10:08:18 tp raw=-2,-9 out=0,-4 hv=0,0
10:08:18 tp raw=0,-9 out=0,-4 hv=0,0
10:08:18 tp raw=0,-18 out=0,-14 hv=0,0
10:08:18 tp raw=0,-8 out=0,-4 hv=0,0
10:08:18 tp raw=-1,-7 out=0,-3 hv=0,0
10:08:18 tp raw=-2,-6 out=0,-3 hv=0,0
10:08:18 tp raw=-2,-7 out=0,-3 hv=0,0
10:08:18 tp raw=-3,-10 out=0,-5 hv=0,0
10:08:18 tp raw=-2,-6 out=0,-3 hv=0,0
10:08:18 tp raw=0,-5 out=0,0 hv=0,0
10:08:18 tp raw=0,-3 out=0,0 hv=0,0
10:08:18 tp raw=-3,-14 out=0,-8 hv=0,0
10:08:18 tp raw=-4,-6 out=0,-3 hv=0,0
10:08:18 tp raw=-1,-5 out=0,0 hv=0,0
10:08:18 tp raw=-2,-5 out=0,0 hv=0,0
10:08:18 tp raw=0,-5 out=0,0 hv=0,0
10:08:18 tp raw=-2,-3 out=0,0 hv=0,0
10:08:18 tp raw=-2,-15 out=0,-10 hv=0,0
10:08:18 tp raw=-1,-7 out=0,-3 hv=0,0
10:08:18 tp raw=-2,-5 out=0,0 hv=0,0
10:08:18 tp raw=-2,-8 out=0,-4 hv=0,0
10:08:18 tp raw=0,-5 out=0,0 hv=0,0
10:08:18 tp raw=-5,-10 out=0,-5 hv=0,0
10:08:18 tp raw=-5,-11 out=0,-5 hv=0,0
10:08:18 tp raw=-2,-7 out=0,-3 hv=0,0
10:08:18 tp raw=-1,0 out=0,0 hv=0,0
10:08:18 tp raw=0,-5 out=0,0 hv=0,0
10:08:18 tp raw=0,-1 out=0,0 hv=0,0
10:08:18 tp raw=-2,-2 out=0,0 hv=0,0
10:08:18 tp raw=-4,0 out=0,0 hv=0,0
10:08:18 tp raw=-5,-6 out=0,-3 hv=0,0
10:08:18 tp raw=-1,-2 out=0,0 hv=0,0
10:08:18 tp raw=0,-3 out=0,0 hv=0,0
10:08:18 tp raw=0,-2 out=0,0 hv=0,0
10:08:18 tp raw=-2,-2 out=0,0 hv=0,0
10:08:18 tp raw=-2,-1 out=0,0 hv=0,0
10:08:18 tp raw=-2,0 out=0,0 hv=0,0
10:08:18 tp raw=-1,-2 out=0,0 hv=0,0
10:08:18 tp raw=-2,-2 out=0,0 hv=0,0
10:08:18 tp raw=-2,0 out=0,0 hv=0,0
10:08:18 tp raw=0,-1 out=0,0 hv=0,0
10:08:18 tp raw=0,-2 out=0,0 hv=0,0
10:08:18 tp raw=0,-2 out=0,0 hv=0,0
10:08:18 tp raw=-1,-1 out=0,0 hv=0,0
10:08:18 tp raw=-2,0 out=0,0 hv=0,0
10:08:18 tp raw=0,-2 out=0,0 hv=0,0
10:08:18 tp raw=0,-1 out=0,0 hv=0,0
10:08:18 tp raw=7,4 out=3,0 hv=0,0
10:08:18 tp raw=1,2 out=0,0 hv=0,0
10:08:18 tp raw=0,2 out=0,0 hv=0,0
10:08:18 tp raw=0,1 out=0,0 hv=0,0
10:08:18 tp raw=0,2 out=0,0 hv=0,0
10:08:18 tp raw=0,3 out=0,0 hv=0,0
10:08:18 tp raw=0,2 out=0,0 hv=0,0
10:08:18 tp raw=0,2 out=0,0 hv=0,0
10:08:18 tp raw=0,3 out=0,0 hv=0,0
10:08:18 tp raw=2,2 out=0,0 hv=0,0
10:08:18 tp raw=4,3 out=0,0 hv=0,0
10:08:18 tp raw=1,3 out=0,0 hv=0,0
10:08:18 tp raw=2,3 out=0,0 hv=0,0
10:08:18 tp raw=0,4 out=0,0 hv=0,0
10:08:18 tp raw=0,5 out=0,0 hv=0,0
10:08:18 tp raw=2,6 out=0,3 hv=0,0
10:08:18 tp raw=0,5 out=0,0 hv=0,0
10:08:18 tp raw=0,7 out=0,3 hv=0,0
10:08:18 tp raw=3,5 out=0,0 hv=0,0
10:08:18 tp raw=5,21 out=0,18 hv=0,0
10:08:18 tp raw=2,15 out=0,10 hv=0,0
10:08:18 tp raw=5,43 out=0,49 hv=0,0
10:08:18 tp raw=4,39 out=0,43 hv=0,0
10:08:18 tp raw=1,31 out=0,32 hv=0,0
10:08:18 tp raw=4,18 out=0,14 hv=0,0
10:08:18 tp raw=0,7 out=0,3 hv=0,0
10:08:18 tp raw=1,7 out=0,3 hv=0,0
10:08:18 tp raw=0,6 out=0,3 hv=0,0
10:08:18 tp raw=0,5 out=0,0 hv=0,0
10:08:18 tp raw=7,10 out=3,5 hv=0,0
10:08:18 tp raw=4,5 out=0,0 hv=0,0
10:08:18 tp raw=1,3 out=0,0 hv=0,0
10:08:18 tp raw=0,2 out=0,0 hv=0,0
10:08:18 tp raw=2,3 out=0,0 hv=0,0
10:08:18 tp raw=0,2 out=0,0 hv=0,0
10:08:18 tp raw=2,0 out=0,0 hv=0,0
10:08:18 tp raw=0,1 out=0,0 hv=0,0
10:08:18 tp raw=0,2 out=0,0 hv=0,0
10:08:18 tp raw=7,0 out=3,0 hv=0,0
10:08:18 tp raw=1,0 out=0,0 hv=0,0
10:08:18 tp raw=-5,0 out=0,0 hv=0,0
10:08:18 tp raw=7,0 out=3,0 hv=0,0
10:08:18 tp raw=4,0 out=0,0 hv=0,0
10:08:18 tp raw=0,2 out=0,0 hv=0,0
10:08:18 tp raw=0,1 out=0,0 hv=0,0
10:08:18 tp raw=-6,0 out=-3,0 hv=0,0
10:08:18 tp raw=0,2 out=0,0 hv=0,0
10:08:18 tp raw=-1,2 out=0,0 hv=0,0
10:08:18 tp raw=0,1 out=0,0 hv=0,0
10:08:18 tp raw=0,2 out=0,0 hv=0,0
10:08:18 tp raw=0,2 out=0,0 hv=0,0
10:08:18 tp raw=0,1 out=0,0 hv=0,0
10:08:18 tp raw=5,2 out=0,0 hv=0,0
10:08:18 tp raw=0,2 out=0,0 hv=0,0
10:08:19 tp raw=0,1 out=0,0 hv=0,0
10:08:19 tp raw=0,-5 out=0,0 hv=0,0
10:08:19 tp raw=2,0 out=0,0 hv=0,0
10:08:19 tp raw=3,0 out=0,0 hv=0,0
10:08:19 tp raw=2,0 out=0,0 hv=0,0
10:08:19 tp raw=1,7 out=0,3 hv=0,0
10:08:19 tp raw=2,5 out=0,0 hv=0,0
10:08:19 tp raw=0,1 out=0,0 hv=0,0
10:08:19 tp raw=5,0 out=0,0 hv=0,0
10:08:19 tp raw=4,0 out=0,0 hv=0,0
10:08:19 tp raw=6,-6 out=3,-3 hv=0,0
10:08:19 tp raw=3,-5 out=0,0 hv=0,0
10:08:19 tp raw=2,-5 out=0,0 hv=0,0
10:08:19 tp raw=1,-9 out=0,-4 hv=0,0
10:08:19 tp raw=11,-13 out=5,-7 hv=0,0
10:08:19 tp raw=3,-5 out=0,0 hv=0,0
10:08:19 tp raw=0,-5 out=0,0 hv=0,0
10:08:19 tp raw=2,-4 out=0,0 hv=0,0
10:08:19 tp raw=0,-5 out=0,0 hv=0,0
10:08:19 tp raw=1,-10 out=0,-5 hv=0,0
10:08:19 tp raw=0,-4 out=0,0 hv=0,0
10:08:19 tp raw=0,-6 out=0,-3 hv=0,0
10:08:19 tp raw=0,-3 out=0,0 hv=0,0
10:08:19 tp raw=0,-4 out=0,0 hv=0,0
10:08:19 tp raw=0,-10 out=0,-5 hv=0,0
10:08:19 tp raw=0,-3 out=0,0 hv=0,0
10:08:19 tp raw=0,-3 out=0,0 hv=0,0
10:08:19 tp raw=0,-3 out=0,0 hv=0,0
10:08:19 tp raw=0,-15 out=0,-10 hv=0,0
10:08:19 tp raw=0,-12 out=0,-6 hv=0,0
10:08:19 tp raw=-6,-10 out=-3,-5 hv=0,0
10:08:19 tp raw=0,-5 out=0,0 hv=0,0
10:08:19 tp raw=5,-3 out=0,0 hv=0,0
10:08:19 tp raw=0,-2 out=0,0 hv=0,0
10:08:19 tp raw=0,-1 out=0,0 hv=0,0
10:08:19 tp raw=0,-5 out=0,0 hv=0,0
10:08:19 tp raw=0,-3 out=0,0 hv=0,0
10:08:19 tp raw=-5,-2 out=0,0 hv=0,0
10:08:19 tp raw=0,-2 out=0,0 hv=0,0
10:08:19 tp raw=0,-3 out=0,0 hv=0,0
10:08:19 tp raw=0,-2 out=0,0 hv=0,0
10:08:19 tp raw=0,-1 out=0,0 hv=0,0
10:08:19 tp raw=0,-4 out=0,0 hv=0,0
10:08:19 tp raw=0,-1 out=0,0 hv=0,0
10:08:19 tp raw=0,-2 out=0,0 hv=0,0
10:08:19 tp raw=0,-1 out=0,0 hv=0,0
10:08:19 tp raw=0,-5 out=0,0 hv=0,0
10:08:19 tp raw=0,-7 out=0,-3 hv=0,0
10:08:19 tp raw=0,-3 out=0,0 hv=0,0
10:08:19 tp raw=0,-2 out=0,0 hv=0,0
10:08:19 tp raw=0,-3 out=0,0 hv=0,0
10:08:19 tp raw=0,-3 out=0,0 hv=0,0
10:08:19 tp raw=0,-7 out=0,-3 hv=0,0
10:08:19 tp raw=0,-2 out=0,0 hv=0,0
10:08:19 tp raw=-4,-3 out=0,0 hv=0,0
10:08:19 tp raw=-2,-13 out=0,-7 hv=0,0
10:08:19 tp raw=9,-7 out=4,-3 hv=0,0
10:08:19 tp raw=-10,-8 out=-5,-4 hv=0,0
10:08:19 tp raw=-2,-2 out=0,0 hv=0,0
10:08:19 tp raw=0,-3 out=0,0 hv=0,0
10:08:19 tp raw=0,-2 out=0,0 hv=0,0
10:08:19 tp raw=-2,-1 out=0,0 hv=0,0
10:08:19 tp raw=-1,-2 out=0,0 hv=0,0
10:08:19 tp raw=0,-3 out=0,0 hv=0,0
10:08:19 tp raw=0,-2 out=0,0 hv=0,0
10:08:19 tp raw=-2,0 out=0,0 hv=0,0
10:08:19 tp raw=-2,-1 out=0,0 hv=0,0
10:08:19 tp raw=-1,0 out=0,0 hv=0,0
10:08:19 tp raw=-2,-2 out=0,0 hv=0,0
10:08:19 tp raw=0,-2 out=0,0 hv=0,0
10:08:19 tp raw=0,5 out=0,0 hv=0,0
10:08:19 tp raw=5,0 out=0,0 hv=0,0
10:08:19 tp raw=2,2 out=0,0 hv=0,0
10:08:19 tp raw=3,0 out=0,0 hv=0,0
10:08:19 tp raw=2,-8 out=0,-4 hv=0,0
10:08:19 tp raw=0,-9 out=0,-4 hv=0,0
10:08:19 tp raw=0,-8 out=0,-4 hv=0,0
10:08:19 tp raw=0,-3 out=0,0 hv=0,0
10:08:19 tp raw=0,-5 out=0,0 hv=0,0
10:08:19 tp raw=0,-3 out=0,0 hv=0,0
10:08:19 tp raw=0,-5 out=0,0 hv=0,0
10:08:19 tp raw=-5,-8 out=0,-4 hv=0,0
10:08:19 tp raw=0,-5 out=0,0 hv=0,0
10:08:19 tp raw=0,-5 out=0,0 hv=0,0
10:08:19 tp raw=0,-4 out=0,0 hv=0,0
10:08:19 tp raw=0,-3 out=0,0 hv=0,0
10:08:19 tp raw=-4,-5 out=0,0 hv=0,0
10:08:19 tp raw=-3,-10 out=0,-5 hv=0,0
10:08:19 tp raw=0,-3 out=0,0 hv=0,0
10:08:19 tp raw=0,-3 out=0,0 hv=0,0
10:08:19 tp raw=0,-4 out=0,0 hv=0,0
10:08:19 tp raw=0,-6 out=0,-3 hv=0,0
10:08:19 tp raw=-2,-7 out=0,-3 hv=0,0
10:08:19 tp raw=-5,-5 out=0,0 hv=0,0
10:08:19 tp raw=-5,-5 out=0,0 hv=0,0
10:08:19 tp raw=-2,-5 out=0,0 hv=0,0
10:08:19 tp raw=-2,-4 out=0,0 hv=0,0
10:08:19 tp raw=0,-5 out=0,0 hv=0,0
10:08:19 tp raw=-1,-9 out=0,-4 hv=0,0
10:08:19 tp raw=-2,-6 out=0,-3 hv=0,0
10:08:19 tp raw=-2,-4 out=0,0 hv=0,0
10:08:19 tp raw=-3,-8 out=0,-4 hv=0,0
10:08:19 tp raw=-2,-10 out=0,-5 hv=0,0
10:08:19 tp raw=0,-1 out=0,0 hv=0,0
10:08:19 tp raw=0,-2 out=0,0 hv=0,0
10:08:19 tp raw=-2,0 out=0,0 hv=0,0
10:08:19 tp raw=0,-2 out=0,0 hv=0,0
10:08:19 tp raw=0,-1 out=0,0 hv=0,0
10:08:19 tp raw=-1,0 out=0,0 hv=0,0
10:08:19 tp raw=-2,0 out=0,0 hv=0,0
10:08:19 tp raw=0,5 out=0,0 hv=0,0
10:08:19 tp raw=0,-5 out=0,0 hv=0,0
10:08:19 tp raw=-2,0 out=0,0 hv=0,0
10:08:19 tp raw=-1,0 out=0,0 hv=0,0
10:08:19 tp raw=-2,0 out=0,0 hv=0,0
10:08:19 tp raw=-4,-2 out=0,0 hv=0,0
10:08:19 tp raw=0,-1 out=0,0 hv=0,0
10:08:19 tp raw=0,4 out=0,0 hv=0,0
10:08:19 tp raw=0,5 out=0,0 hv=0,0
10:08:19 tp raw=0,9 out=0,4 hv=0,0
10:08:19 tp raw=0,8 out=0,4 hv=0,0
10:08:19 tp raw=0,6 out=0,3 hv=0,0
10:08:19 tp raw=7,9 out=3,4 hv=0,0
10:08:19 tp raw=4,13 out=0,7 hv=0,0
10:08:19 tp raw=5,16 out=0,11 hv=0,0
10:08:19 tp raw=0,7 out=0,3 hv=0,0
10:08:20 tp raw=-5,-10 out=0,-5 hv=0,0
10:08:20 tp raw=-8,-7 out=-4,-3 hv=0,0
10:08:20 tp raw=-7,-8 out=-3,-4 hv=0,0
10:08:20 tp raw=-5,-8 out=0,-4 hv=0,0
10:08:20 tp raw=-5,-10 out=0,-5 hv=0,0
10:08:20 tp raw=-9,-15 out=-4,-10 hv=0,0
10:08:20 tp raw=-3,-10 out=0,-5 hv=0,0
10:08:20 tp raw=-2,-8 out=0,-4 hv=0,0
10:08:20 tp raw=-5,-10 out=0,-5 hv=0,0
10:08:20 tp raw=-9,-18 out=-4,-14 hv=0,0
10:08:20 tp raw=-8,-8 out=-4,-4 hv=0,0
10:08:20 tp raw=-7,-8 out=-3,-4 hv=0,0
10:08:20 tp raw=-4,-7 out=0,-3 hv=0,0
10:08:20 tp raw=-5,-16 out=0,-11 hv=0,0
10:08:20 tp raw=-3,-5 out=0,0 hv=0,0
10:08:20 tp raw=-2,-7 out=0,-3 hv=0,0
10:08:20 tp raw=-2,-3 out=0,0 hv=0,0
10:08:20 tp raw=-3,-5 out=0,0 hv=0,0
10:08:20 tp raw=-10,-10 out=-5,-5 hv=0,0
10:08:20 tp raw=-5,-3 out=0,0 hv=0,0
10:08:20 tp raw=-4,-2 out=0,0 hv=0,0
10:08:20 tp raw=-2,-3 out=0,0 hv=0,0
10:08:20 tp raw=-3,-5 out=0,0 hv=0,0
10:08:20 tp raw=-3,-4 out=0,0 hv=0,0
10:08:20 tp raw=-11,-18 out=-5,-14 hv=0,0
10:08:20 tp raw=-8,-9 out=-4,-4 hv=0,0
10:08:20 tp raw=-4,-7 out=0,-3 hv=0,0
10:08:20 tp raw=-3,-2 out=0,0 hv=0,0
10:08:20 tp raw=-2,-1 out=0,0 hv=0,0
10:08:20 tp raw=0,-4 out=0,0 hv=0,0
10:08:20 tp raw=0,-1 out=0,0 hv=0,0
10:08:20 tp raw=0,-2 out=0,0 hv=0,0
10:08:20 tp raw=0,-3 out=0,0 hv=0,0
10:08:20 tp raw=-2,0 out=0,0 hv=0,0
10:08:20 tp raw=0,-2 out=0,0 hv=0,0
10:08:20 tp raw=0,-1 out=0,0 hv=0,0
10:08:20 tp raw=0,-2 out=0,0 hv=0,0
10:08:20 tp raw=6,0 out=3,0 hv=0,0
10:08:20 tp raw=-9,0 out=-4,0 hv=0,0
10:08:20 tp raw=-3,-2 out=0,0 hv=0,0
10:08:20 tp raw=-2,0 out=0,0 hv=0,0
10:08:20 tp raw=0,-1 out=0,0 hv=0,0
10:08:20 tp raw=-4,-2 out=0,0 hv=0,0
10:08:20 tp raw=-3,-2 out=0,0 hv=0,0
10:08:20 tp raw=-2,-5 out=0,0 hv=0,0
10:08:20 tp raw=-1,-5 out=0,0 hv=0,0
10:08:20 tp raw=-4,-5 out=0,0 hv=0,0
10:08:20 tp raw=0,7 out=0,3 hv=0,0
10:08:20 tp raw=0,5 out=0,0 hv=0,0
10:08:20 tp raw=0,2 out=0,0 hv=0,0
10:08:20 tp raw=0,1 out=0,0 hv=0,0
10:08:20 tp raw=5,2 out=0,0 hv=0,0
10:08:20 tp raw=4,2 out=0,0 hv=0,0
10:08:20 tp raw=1,0 out=0,0 hv=0,0
10:08:20 tp raw=4,0 out=0,0 hv=0,0
10:08:20 tp raw=-5,0 out=0,0 hv=0,0
10:08:20 tp raw=-2,0 out=0,0 hv=0,0
10:08:20 tp raw=0,1 out=0,0 hv=0,0
10:08:20 tp raw=0,4 out=0,0 hv=0,0
10:08:20 tp raw=0,1 out=0,0 hv=0,0
10:08:20 tp raw=-2,2 out=0,0 hv=0,0
10:08:20 tp raw=-1,0 out=0,0 hv=0,0
10:08:20 tp raw=-2,0 out=0,0 hv=0,0
10:08:20 tp raw=0,3 out=0,0 hv=0,0
10:08:20 tp raw=-4,3 out=0,0 hv=0,0
10:08:20 tp raw=-1,0 out=0,0 hv=0,0
10:08:20 tp raw=-2,0 out=0,0 hv=0,0
10:08:20 tp raw=0,2 out=0,0 hv=0,0
10:08:20 tp raw=-2,3 out=0,0 hv=0,0
10:08:20 tp raw=0,2 out=0,0 hv=0,0
10:08:20 tp raw=0,2 out=0,0 hv=0,0
10:08:20 tp raw=0,1 out=0,0 hv=0,0
10:08:20 tp raw=0,2 out=0,0 hv=0,0
10:08:20 tp raw=0,2 out=0,0 hv=0,0
10:08:20 tp raw=-1,0 out=0,0 hv=0,0
10:08:20 tp raw=0,1 out=0,0 hv=0,0
10:08:20 tp raw=0,3 out=0,0 hv=0,0
10:08:20 tp raw=5,2 out=0,0 hv=0,0
10:08:20 tp raw=0,2 out=0,0 hv=0,0
10:08:20 tp raw=-5,0 out=0,0 hv=0,0
10:08:20 tp raw=0,1 out=0,0 hv=0,0
10:08:20 tp raw=0,2 out=0,0 hv=0,0
10:08:20 tp raw=8,2 out=4,0 hv=0,0
10:08:20 tp raw=-10,5 out=-5,0 hv=0,0
10:08:20 tp raw=-2,0 out=0,0 hv=0,0
10:08:20 tp raw=0,1 out=0,0 hv=0,0
10:08:20 tp raw=7,0 out=3,0 hv=0,0
10:08:20 tp raw=3,0 out=0,0 hv=0,0
10:08:20 tp raw=0,2 out=0,0 hv=0,0
10:08:20 tp raw=0,3 out=0,0 hv=0,0
10:08:20 tp raw=0,2 out=0,0 hv=0,0
10:08:20 tp raw=0,1 out=0,0 hv=0,0
10:08:20 tp raw=0,4 out=0,0 hv=0,0
10:08:20 tp raw=7,3 out=3,0 hv=0,0
10:08:20 tp raw=4,3 out=0,0 hv=0,0
10:08:20 tp raw=1,9 out=0,4 hv=0,0
10:08:20 tp raw=0,1 out=0,0 hv=0,0
10:08:20 tp raw=2,4 out=0,0 hv=0,0
10:08:20 tp raw=2,3 out=0,0 hv=0,0
